식품코드,식품코드명,농진청식품코드
01002,"귀리, 쌀귀리, 도정, 생것",A001002A010a
01003,"귀리, 오트밀",A0020000009a
01004,"기장, 도정, 생것",A003000A010a
01005,"메밀, 도정, 생것",A004000A010a
01006,"메밀, 도정, 가루",A004000A015a
01007,"메밀 국수, 생것",A0050000000a
01008,"메밀 국수, 생것, 삶은것",A0050000000b
01009,"메밀 국수, 말린것",A0050000001a
01010,"메밀 국수, 말린것, 삶은것",A0050000001b
01011,"메밀 냉면, 말린것",A0060000001a
01012,메밀묵,A0070000000a
01014,"밀, 도정, 생것",A016000A010a
01019,"밀, 중력밀가루",A0160080005a
01020,"밀, 통밀가루",A0160100005a
01021,"밀, 강력밀가루",A0160010005a
01023,"밀, 박력밀가루",A0160040005a
01025,"밀, 부침가루",A0160050005a
01026,"밀, 빵가루",A0160060005a
01027,"밀, 튀김가루",A0160110005a
01031,"라면, 말린것",A0190000001a
01033,"마카로니, 말린것",A0240010001a
01034,"마카로니, 말린것, 삶은것",A0240010001b
01035,"국수, 소면, 말린것",A0180010001a
01036,"국수, 소면, 말린것, 삶은것",A0180010001b
01037,"스파게티면, 말린것",A0240020001a
01038,"스파게티면, 말린것, 삶은것",A0240020001b
01039,"우동면, 생것",A0180020000a
01040,"우동면, 생것, 삶은것",A0180020000b
01043,"중국국수면, 생것",A0180040000a
01044,"중국국수면, 생것, 삶은것",A0180040000b
01048,"국수, 중면, 말린것",A0180050001a
01049,"쫄면, 말린것",A0180060001a
01050,"칼국수면, 생것",A0180070000a
01051,"칼국수면, 반건조",A0180070004a
01052,"과자, 건빵",A0170010009a
01054,"빵, 곰보빵",A0210020009a
01055,"빵, 도넛, 링",A0210040339a
01058,"빵, 도넛, 팥",A0210040069a
01059,"빵, 롤빵, 소프트",A0210050159a
01061,"빵, 마늘빵",A0210060009a
01062,"과자, 만주, 밤",A0170020139a
01063,"빵, 머핀, 우유",A0210070369a
01065,"과자, 모나카",A0170030009a
01066,"빵, 모닝빵",A0210080009a
01069,"과자, 비스킷, 소프트",A0170040159a
01071,"과자, 사과파이",A0170050009a
01076,"샌드위치, 햄, 치즈",S0370050009a
01077,"과자, 전병",A0170060009a
01078,"과자, 전병, 김",A0170060169a
01081,"과자, 스낵, 새우",A0170080179a
01082,"과자, 스낵, 옥수수",A0170080209a
01084,"빵, 식빵",A0210120009a
01085,"빵, 식빵, 우유",A0210120369a
01086,"빵, 식빵, 옥수수",A0210120209a
01087,"빵, 모카빵",A0210090009a
01089,"과자, 약과",A0170090009a
01091,"빵, 옥수수빵",A0210130009a
01092,"빵, 와플",A0210250009a
01093,"빵, 와플, 커스터드 크림",A0210250239a
01094,"빵, 와플, 잼",A0210250229a
01095,"과자, 바닐라 웨하스",A0170110269a
01096,"빵, 잼빵",A0210140009a
01098,"과자, 초코볼",A0170120009a
01099,"과자, 초코파이",A0170130009a
01100,"빵, 카스텔라",A0210160009a
01104,"케이크, 롤 케이크",A0230030009a
01105,"케이크, 생크림 블루베리",A0230050009a
01108,"케이크, 스폰지 케이크",A0230070009a
01110,"케이크, 초콜릿 케이크",A0230090009a
01111,"케이크, 치즈 케이크",A0230100009a
01113,"케이크, 파운드 케이크",A0230120009a
01114,"케이크, 과일(후르츠)",A0230010009a
01115,"과자, 쿠키, 땅콩버터",A0170140279a
01116,"과자, 쿠키, 초코칩",A0170140289a
01117,"과자, 쿠키, 버터",A0170140299a
01118,"과자, 크랙커",A0170150009a
01119,"과자, 크래커, 땅콩샌드",A0170150309a
01120,"과자, 크래커, 치즈샌드",A0170150319a
01121,"빵, 크루아상",A0210170009a
01124,"빵, 크로켓",A0210180009a
01125,"빵, 크림빵",A0210190009a
01126,"빵, 팥빵",A0210200009a
01127,"빵, 페이스트리, 과일",A0210210449a
01128,"빵, 페이스트리, 치즈",A0210210439a
01129,"케이크, 팬케이크",A0230130009a
01131,"푸딩, 커스터드",C0200020009a
01133,"빵, 피칸파이",A0210260009a
01138,"빵, 찐빵, 팥",A0210150069a
01139,"빵, 찐빵, 채소",A0210150409a
01143,"보리, 겉보리, 도정, 생것",A025001A010a
01144,"보리, 겉보리, 압맥",A0250010469a
01146,"보리, 쌀보리, 도정, 생것",A025005A010a
01148,"보리, 쌀보리, 찰보리, 도정, 생것",A025007A010a
01149,"보리, 가루",A0250000005a
01154,"수수, 도정, 생것",A027000A010a
01156,"수수떡, 수수경단",A0280010009a
01157,"수수, 찰수수, 도정, 생것",A027001A010a
01158,"시리얼, 옥수수",A0290100009a
01159,"시리얼, 쌀",A0290170009a
01160,"시리얼, 옥수수, 아몬드",A0290040009a
01161,"시리얼, 옥수수, 코코아",A0290180009a
01163,"시리얼, 현미",A0290130009a
01167,"멥쌀, 현미, 일품벼, 생것",A008020A060a
01172,"멥쌀, 칠분도미, 생것",A008000A050a
01173,"멥쌀, 백미, 생것",A008000A030a
01182,"멥쌀, 현미, 흑미, 생것",A0080000020a
01194,"찹쌀, 현미, 생것",A038000A060a
01195,"찹쌀, 백미, 생것",A038000A030a
01197,"멥쌀, 현미, 밥",A013000A069a
01199,"멥쌀, 백미, 밥",A013000A039a
01204,누룽지,A0130000089a
01207,"멥쌀, 백미, 죽",A015000A039a
01211,"멥쌀떡, 가래떡",A0110010009a
01212,"멥쌀떡, 개피떡(바람떡)",A0110020009a
01213,"멥쌀떡, 개피떡(바람떡), 쑥",A0110020039a
01214,"멥쌀떡, 꿀떡",A0110030009a
01215,"멥쌀떡, 백설기",A0110060009a
01217,"멥쌀떡, 송편, 검정콩",A0110070059a
01218,"멥쌀떡, 송편, 깨",A0110070079a
01219,"멥쌀떡, 송편, 팥",A0110070069a
01220,"멥쌀떡, 시루떡, 팥",A0110080009a
01221,"멥쌀떡, 절편",A0110100009a
01222,"멥쌀떡, 증편",A0110110009a
01228,"멥쌀, 현미, 발아현미, 생것",A008009A060a
01230,"멥쌀, 백미, 가루",A008000A035a
01231,"멥쌀 과자, 쌀엿강정, 팽화",A0090040009w
01232,"멥쌀 과자, 튀밥, 팽화",A0090030009j
01233,멥쌀 과자,A0090000009a
01234,"찹쌀 과자, 전병",A0390040009a
01239,"찹쌀떡, 경단 카스텔라",A0410010529a
01240,"찹쌀떡, 약식",A0410030009a
01241,"찹쌀떡, 인절미, 콩고물",A0410040549a
01242,"찹쌀떡, 인절미, 팥고물",A0410040539a
01243,"찹쌀떡, 찰시루떡",A0410050009a
01244,찹쌀떡,A0410000009a
01247,"찹쌀 과자, 산자",A0390020009a
01248,"찹쌀 과자, 유과",A0390030009a
01249,"찹쌀, 백미, 가루",A0380000005a
01251,"옥수수, 메옥수수, 구운것",A0300030009f
01252,"옥수수, 메옥수수, 말린것",A0300030001a
01253,"옥수수, 단옥수수, 생것",A0300020000a
01254,"옥수수, 단옥수수, 삶은것",A0300020009b
01255,"옥수수, 찰옥수수, 생것",A0300070000a
01257,"옥수수, 찰옥수수, 삶은것",A0300070009b
01259,"옥수수, 가루",A0300000005a
01261,"옥수수, 통조림, 가당",A030000E01Ra
01263,"옥수수, 통조림, 홀커넬",A030000049Ra
01267,"율무, 도정, 생것",A034000A010a
01270,"조, 메조, 도정, 생것",A037001A010a
01271,"조, 차조, 도정, 생것",A037002A010a
01276,호밀빵,A0450000009a
01278,"옥수수 과자, 팝콘, 캐러멜맛",A0310032619a
01279,"멥쌀, 현미, 생것",A008000A060a
01280,"빵, 베이글",A0210110009a
01283,"찹쌀, 현미, 흑미, 생것",A0380000020a
01284,"미숫가루, 혼합곡물",A0250030005a
01300,"멥쌀 국수, 말린것",A0100000001a
01302,"빵, 꽈배기",A0210030009a
01303,"찹쌀빵, 찹쌀도넛",A0420010009a
01304,"빵, 크림빵, 버터",A0210190299a
01305,"빵, 바게트",A0210100009a
01306,"빵, 페이스트리",A0210210009a
01307,"빵, 크로켓, 채소",A0210180409a
01314,"멥쌀밥, 쪄서 말린것",A0130000002a
01316,"멥쌀떡, 모싯잎송편, 동부",A0110072649a
01318,"멥쌀떡, 무지개떡",A0110050009a
01319,"찹쌀떡, 모듬찰떡",A0410020009a
01320,"기장, 찰기장, 도정, 생것",A003001A010a
01321,"메밀 냉면, 말린것, 삶은것",A0060000001b
01323,"멥쌀떡, 백설기, 검정콩",A0110060059a
01328,"즉석밥, 잡곡밥(멥쌀, 찹쌀, 흑미, 팥, 기장, 찰수수)",A0140002209a
01329,"즉석밥, 백미",A014000A039a
01331,"밀, 호라산, 말린것",A0160142481a
01332,"과자, 쿠키, 통밀",A0170140109a
01333,"과자, 크래커, 채소",A0170152229a
01334,"과자, 뻥튀기, 원반 모양, 팽화",A0170172219w
01335,"과자, 마카로니",A0170180009j
01336,"국수, 생것",A0180000000a
01337,"국수, 중면, 말린것, 삶은것",A0180050001b
01338,"칼국수면, 생것, 삶은것",A0180070000b
01339,"라면, 말린것, 삶은것",A0190000001d
01340,"빵, 붕어빵, 팥",A0210220069a
01341,"빵, 소시지빵",A0210230009a
01342,"빵, 난",A0210240009a
01344,"보리, 겉보리, 늘보리, 도정, 생것",A025008A010a
01346,"시리얼, 옥수수, 그래놀라, 코코넛",A0290150009a
01347,"시리얼, 옥수수, 그래놀라, 건조과일",A0290160009a
01351,"옥수수, 메옥수수, 삶은것",A0300030009b
01353,"옥수수 과자, 강냉이",A0310010009a
01354,"옥수수 과자, 팝콘, 전자레인지 조리",A0310030009t
01355,"잡곡, 현미, 찹쌀, 현미찹쌀, 보리 등, 생것",A0470002590a
01357,김밥,S0060000009a
01358,"김밥, 김치 김밥",S0060010009a
01360,"김밥, 소고기 김밥",S0060030009a
01361,"김밥, 참치 김밥",S0060040009a
01362,"덮밥, 불고기 덮밥",S0150010009a
01364,"덮밥, 제육 덮밥",S0150030009a
01365,"덮밥, 참치 덮밥",S0150040009a
01369,"볶음밥, 김치 볶음밥",S0300010009a
01371,비빔밥,S0330000009a
01372,알밥,S0470000009a
01373,잡채밥,S0540000009a
01376,짜장밥,S0590000009a
01384,"퀴노아, 쪄서 말린것",A0460000002a
02002,"감자, 대지, 생것",B0010060000a
02003,"감자, 수미, 생것",B0010140000a
02007,"감자, 으깬감자",B0050000009a
02009,감자 샐러드,B0040000009a
02011,"감자 과자, 감자칩, 튀긴것",B0020010009j
02012,"감자 튀김, 튀긴것",B0030000009j
02013,"감자 튀김, 해시브라운, 튀긴것",B0030010009j
02015,"감자, 자색, 찐것",B0010180009e
02016,"고구마, 생것",B0060000000a
02018,"고구마, 구운것",B0060000009f
02019,"고구마, 말린것",B0060000001a
02020,"고구마, 찐것",B0060000009e
02022,"곤약(구약나물), 국수형, 생것",B0090010000a
02023,"곤약(구약나물), 판형, 생것",B0090020000a
02026,"마, 단마, 생것",B0110010000a
02028,"마, 장마, 생것",B0110030000a
02030,"전분, 감자, 가루",B0140010005a
02031,"전분, 고구마, 가루",B0140020005a
02034,"전분, 옥수수, 가루",B0140050005a
02039,"당면, 고구마, 말린것",B0070010001a
02040,"당면, 고구마, 삶은것",B0070010001b
02041,양장피,S0820000000a
02043,"토란, 생것",B0170000000a
02059,"감자, 대지, 삶은것",B0010060009b
02060,"감자, 대지, 찐것",B0010060009e
02061,"감자, 대지, 구운것",B0010060009f
02062,"감자, 수미, 삶은것",B0010140009b
02068,"감자, 로즈밸리, 삶은것",B0010220009b
02070,"고구마, 분질(밤) 고구마, 생것",B0060150000a
02071,"고구마, 분질(밤) 고구마, 찐것",B0060150009e
02072,"고구마, 분질(밤) 고구마, 구운것",B0060150009f
02073,"고구마, 점질(호박) 고구마, 생것",B0060160000a
02074,"고구마, 점질(호박) 고구마, 찐것",B0060160009e
02075,"고구마, 점질(호박) 고구마, 구운것",B0060160009f
02076,"돼지감자, 말린것",B0100000001a
02077,"돼지감자, 삶은것",B0100000009b
03002,"껌, 추잉 껌",C0020010009a
03003,"껌, 풍선껌",C0020020009a
03004,꿀,C0030000009a
03006,"꿀, 밤",C0030020009a
03008,"꿀, 아카시아",C0030040009a
03009,"꿀, 잡화",C0030050009a
03010,"꿀, 토종",C0030060009a
03011,로얄제리,C0050000009a
03014,물엿,C0070000009a
03017,"사탕, 드롭스",C0090030009a
03018,"사탕, 마쉬멜로",C0090040009a
03019,"사탕, 박하사탕",C0090050009a
03020,"사탕, 버터",C0090060009a
03024,"설탕, 백설탕",C0110020009a
03025,"설탕, 황설탕",C0110040009a
03026,"설탕, 흑설탕",C0110050009a
03027,"설탕, 각설탕",C0110010009a
03029,"설탕, 가루",C0110000005a
03030,"시럽, 단풍나무",C0120010009a
03032,"시럽, 초콜릿",C0120030009a
03036,"양갱, 팥",C0130010009a
03037,"엿, 고구마",C0060020009a
03040,"젤리, 구미",C0150010009a
03041,"초콜릿, 다크 초콜릿",C0170020009a
03042,"초콜릿, 땅콩 초콜릿",C0170030009a
03043,"초콜릿, 밀크 초콜릿",C0170060009a
03044,"초콜릿, 크런치 초콜릿",C0170110009a
03045,"초콜릿, 밀크 아몬드 초콜릿",C0170050009a
03047,"초콜릿, 화이트 초콜릿",C0170100009a
03048,"초콜릿, 스위트 초콜릿",C0170080009a
03051,"캐러멜, 우유",C0180010009a
03061,"조청, 도라지",C0160030009a
03062,"조청, 쌀",C0160060009a
03063,"껌, 무설탕",C0020030009a
03066,"사탕, 땅콩",C0090070009a
03067,"초코바, 땅콩 캐러멜",C0210010009a
03068,"초코바, 쿠키 캐러멜",C0210020009a
04001,"강낭콩, 생것",D0010000000a
04002,"강낭콩, 말린것",D0010000001a
04003,"강낭콩, 삶은것",D0010000009b
04004,"녹두, 말린것",D0020000001a
04006,"녹두 빈대떡, 가루",D0030000005a
04009,녹두묵,D0050000009a
04010,"대두, 검은색, 흑태, 말린것",D0120080001a
04011,"대두, 검은색, 서리태, 말린것",D0120050001a
04012,"대두, 노란색, 말린것",D0120020001a
04015,"대두, 노란색, 삶은것",D0120020009b
04016,"밤콩, 갈색, 말린것",D0120010001a
04017,두부,D0150000009a
04018,"두부, 동두부, 동결건조",D0150010008a
04019,"두부, 순두부",D0150020009a
04020,"두부, 연두부",D0150030009a
04021,"두부, 유부",D0150040009j
04022,비지,D0160000009a
04023,"두유, 대두",D0170000009a
04024,"대두, 콩가루",D0120020005n
04027,"동부, 생것",D0060000000a
04028,"동부, 말린것",D0060000001a
04029,"동부, 삶은것",D0060000009b
04033,"완두, 생것",D0080000000a
04034,"완두, 말린것",D0080000001a
04035,"완두, 삶은것",D0080000009b
04040,"쥐눈이콩(검정소립콩), 말린것",D0110000001a
04041,"팥, 검은색, 말린것",D0180010001a
04042,"팥, 검은색, 삶은것",D0180010009b
04044,"팥, 적색, 말린것",D0180020001a
04046,"팥, 적색, 삶은것",D0180020009b
04047,"팥, 앙금, 페이스트",D0190000009a
04064,"작두(도두), 말린것",D0090000001a
04066,"렌즈콩(렌틸콩), 빨간색, 말린것",D020001C021a
04067,"렌즈콩(렌틸콩), 갈색, 말린것",D020001C061a
04068,"병아리콩, 말린것",D0210010001a
04069,"쥐눈이콩(검정소립콩), 삶은것",D0110000009b
04070,"쥐눈이콩(검정소립콩), 볶은것",D0110000009n
04072,"대두, 검은색, 서리태, 삶은것",D0120050009b
04073,"대두, 검은색, 서리태, 볶은것",D0120050009n
04076,"두유, 검은콩",D0170010009a
04077,"두유, 검은콩, 검은참깨",D0170020009a
04078,"두유, 콩국물, 소금 0.3%",D0170032259a
04079,순두부찌개,S0430000009a
05002,"개암, 헤이즐넛, 볶은것",E0010000009n
05004,"도토리, 가루",E0020000005a
05005,"도토리묵, 가루",E0040000005a
05010,도토리묵,E0040000009a
05011,"들깨, 말린것",E0050000001a
05015,"땅콩, 중립종, 말린것",E0070040001a
05017,"땅콩, 볶은것",E0070000009n
05018,"땅콩, 삶은것, 소금첨가",E0070000009b
05019,"땅콩, 조미, 볶은것",E007000000Do
05020,"땅콩, 가루",E0070000005a
05026,"마카다미아, 조미, 볶은것",E012000000Dn
05028,"밤, 생것",E0140000000a
05033,"밤, 말린것",E0140000001a
05035,"밤, 삶은것",E0140000009b
05041,"밤, 통조림",E014000000Ra
05043,"브라질너트, 말린것",E0170000001a
05044,"브라질너트, 조미, 볶은것",E017000000Dn
05045,"삼씨(대마씨), 말린것",E0180000001a
05048,"아몬드, 말린것",E0200000001a
05049,"아몬드, 조미, 볶은것",E020000000Dn
05050,"연씨, 생것",E0210000580a
05052,"은행, 생것",E0220000000a
05053,"은행, 삶은것",E0220000009b
05054,"잣, 말린것",E0230000001a
05055,"잣, 볶은것",E0230000009n
05058,"참깨, 검은색, 말린것",E0260010001a
05059,"참깨, 검은색, 볶은것",E0260010009n
05061,"참깨, 흰색, 볶은것",E0260020009n
05062,"참깨 과자, 엿강정",E0270010009a
05064,"캐슈넛, 조미, 볶은것",E029000000Da
05065,"코코넛, 말린것",E0300000001a
05068,"코코넛, 코코넛밀크",E0300000609a
05069,코코넛수,E0310000619a
05070,"피스타치오, 말린것",E0320000001a
05071,"피스타치오, 조미, 볶은것",E032000000Dn
05072,"피칸, 말린것",E0330000001a
05073,"피칸, 조미, 볶은것",E033000000Dn
05074,"해바라기씨, 말린것",E0340000001a
05075,"해바라기씨, 볶은것",E0340000009n
05076,"해바라기씨, 조미, 볶은것",E034000000Dn
05077,"호두, 말린것",E0350000001a
05078,"호두, 볶은것",E0350000009n
05079,"호박씨, 말린것",E0360000001a
05080,"호박씨, 조미, 볶은것",E036001000Dn
05089,"들깨, 볶은것",E0050000009n
05091,"땅콩, 말린것",E0070000001a
05102,"밤, 구운것",E0140000009f
05103,"아마씨, 볶은것",E037000B179n
05104,"아몬드, 볶은것",E0200000009n
05105,"은행, 볶은것",E0220000009n
05106,"잣, 생것",E0230000000a
05107,"치아씨, 말린것",E038000B171a
05108,"피스타치오, 볶은것",E0320000009n
06001,"가시오갈피, 순, 생것",F001000B110a
06002,"가시오갈피, 순, 데친것",F001000B119c
06004,"가지, 생것",F0030000000a
06005,"가지, 말린것",F0030000001a
06006,"가지, 데친것",F0030000009c
06007,"가지, 염절임",F003000000Ia
06008,"갓, 생것",F0040000000a
06013,"고구마, 잎, 생것",F208000B140a
06014,"고구마, 줄기, 생것",F208000B160a
06015,"고구마, 줄기, 말린것",F208000B161a
06016,"고구마, 줄기, 삶은것",F208000B169b
06017,"고들빼기, 생것",F0130000000a
06019,"고려엉겅퀴(곤드레), 재배, 말린것",F0140030001a
06025,"고사리, 생것",F0160000000a
06026,"고사리, 삶아서 말린것",F0160000003a
06027,"고사리, 데친것",F0160000009c
06028,"고수(향채), 생것",F0170000000a
06029,"고추, 꽈리고추, 생것",F0180020000a
06030,"고추, 빨간색, 생것",F018000C020a
06032,"고추, 빨간색, 말린것",F018000C021a
06037,고추장아찌,F0200000009a
06038,"고춧잎, 생것",F019000B140a
06039,"고춧잎, 데친것",F019000B149c
06040,"고추냉이, 뿌리, 생것",F021000B090a
06045,"취나물, 곰취, 생것",F0230000000a
06046,"취나물, 곰취, 데친것",F0230000009c
06048,"취나물, 곰취, 재배, 말린것",F0230020001a
06049,"공심채, 생것",F0240000000a
06050,"공심채, 데친것",F0240000009c
06055,"근대, 생것",F0270000000a
06056,"근대, 데친것",F0270000009c
06057,"김치, 갓김치",F2050010009a
06058,"김치, 고들빼기",F2050020009a
06059,"김치, 깍두기",F2050030009a
06060,"김치, 나박 김치",F2050040009a
06061,"김치, 동치미",F2050050009a
06063,"김치, 배추 김치",F2050070009a
06064,"김치, 백김치",F2050080009a
06065,"김치, 열무 김치",F2050090009a
06066,"김치, 열무 물김치",F2050100009a
06067,"김치, 유채 김치",F2050120009a
06069,"김치, 총각 김치",F2050140009a
06070,"김치, 파 김치",F2050150009a
06071,"들깻잎, 생것",F049000B140a
06072,"들깻잎, 데친것",F049000B149c
06073,"들깻잎, 찐것",F049000B149e
06077,"꽃양배추(콜리플라워), 생것",F0300000000a
06078,"꽃양배추(콜리플라워), 데친것",F0300000009c
06080,"냉이, 생것",F0330000000a
06085,"완두, 통조림",D008000000Ra
06092,"달래, 생것",F0390000000a
06096,"당근, 뿌리, 생것",F041000B090a
06097,"당근, 뿌리, 데친것",F041000B099c
06098,"더덕, 뿌리, 생것",F043000B090a
06100,"도라지, 뿌리, 생것",F044000B090a
06102,"도라지, 뿌리, 데친것",F044000B099c
06103,"도라지, 뿌리, 가루",F044000B095a
06104,"돌나물, 생것",F0450000000a
06107,"두릅, 참두릅, 생것",F0470000000a
06108,"두릅, 참두릅, 데친것",F0470000009c
06121,"마늘, 생것",F053000B060a
06124,"마늘, 말린것",F053000B061a
06125,"마늘, 동결건조",F053000B068a
06126,"풋마늘, 잎줄기, 생것",F054000B150a
06127,"마늘종, 꽃줄기, 생것",F055000B080a
06128,마늘 장아찌,F0570000009a
06129,마늘종 장아찌,F2060000009a
06134,"머위, 생것",F0620000000a
06136,"머위, 데친것",F0620000009c
06137,"머위, 삶은것",F0620000009b
06145,"무청, 조선무, 생것",F067002B140a
06146,"무, 조선무, 생것",F065002B090a
06147,"무 절임, 단무지",F060000B09Ia
06148,"무말랭이, 말린것",F071000B091a
06149,"무청, 시래기, 말린것, 삶은것",F068000B141b
06151,"무 절임, 치킨무",F069000B09Ia
06155,"물쑥, 생것",F0760000000a
06157,"미나리, 물미나리, 생것",F0770030000a
06158,"미나리, 물미나리, 데친것",F0770030009c
06159,"미나리, 물미나리, 줄기, 생것",F077003B160a
06165,"미나리, 돌미나리, 생것",F0770020000a
06166,"미나리, 돌미나리, 데친것",F0770020009c
06168,"민들레, 생것",F0780000000a
06169,"민들레, 데친것",F0780000009c
06175,"바질, 잎, 생것",F080000B140a
06178,"박, 생것, 씨 포함",F081000B040a
06179,"박고지, 말린것",F0820000001a
06186,"배추, 생것",F0870000000a
06187,"배추, 봄동, 생것",F0870030000a
06188,"배추, 얼갈이배추, 생것",F1360000000a
06189,"배추, 데친것",F0870000009c
06194,"보리, 순, 가루",F213000B115a
06196,"부추, 재래종, 생것",F0910040000a
06197,"부추, 재래종, 데친것",F0910040009c
06198,"부추, 호부추, 생것",F0910050000a
06200,"브로콜리, 생것",F0920000000a
06201,"브로콜리, 데친것",F0920000009c
06202,"브로콜리, 삶은것",F0920000009b
06203,"개비름, 생것",F0930000000a
06204,"개비름, 데친것",F0930000009c
06206,"비타민채(다채), 생것",F0940000000a
06207,"비트, 잎, 생것",F095000B140a
06209,"비트, 뿌리, 생것",F095000B090a
06210,"비트, 뿌리, 데친것",F095000B099c
06211,"비트 피클, 통조림",F096000B09Ra
06214,"산마늘(명이나물), 생것",F098000B150a
06223,"상추, 반결구, 로메인, 녹색, 생것",F1010032490a
06227,"생강, 뿌리줄기, 생것",F102000B100a
06229,생강 피클,F104000000Ja
06230,"생강, 편강, 당조림",F1950000009q
06234,"갯나물, 세발나물, 생것",F1060000000a
06235,"셀러리, 생것",F1070000000a
06241,"숙주나물, 생것",F1120000000a
06242,"숙주나물, 데친것",F1120000009c
06248,"순무, 뿌리, 염절임",F113000B09Ia
06249,"시금치, 노지, 생것",F1150010000a
06250,"시금치, 하우스, 생것",F1150030000a
06251,"시금치, 데친것",F1150000009c
06252,"시금치, 포항초, 생것",F1150020000a
06257,"무순, 싹, 생것",F066000B120a
06258,"메밀, 싹, 생것",F211000B120a
06259,"알팔파, 싹, 생것",F127000B120a
06262,"쌈추, 생것",F1170000000a
06263,"쑥, 생것",F1180000000a
06265,"쑥갓, 생것",F1190000000a
06266,"쑥갓, 데친것",F1190000009c
06268,"씀바귀, 생것",F1210000000a
06269,"씀바귀, 데친것",F1210000009c
06271,"아스파라거스, 생것",F1220000000a
06272,"아스파라거스, 데친것",F1220000009c
06274,"아욱, 생것",F1230000000a
06275,"아욱, 데친것",F1230000009c
06277,"아주까리, 잎, 생것",F125000B140a
06279,"양배추, 생것",F1290000000a
06280,"양배추, 데친것",F1290000009c
06281,"양배추 샐러드, 코울슬로",F1300010009a
06282,"양배추, 적색, 생것",F1290010000a
06283,"상추, 결구(양상추), 녹색, 생것",F1010142490a
06285,"양파, 생것",F1320000000a
06287,"양파, 말린것",F1320000001a
06288,"양파, 데친것",F1320000009c
06289,"양파링, 튀긴것(튀김옷)",F1330000009k
06294,"음나무(엄나무), 잎, 데친것",F138000B149c
06297,"여주(고야), 생것",F1400000000a
06298,"연근, 생것",F1410000000a
06299,"연근, 데친것",F1410000009c
06300,"열무, 생것",F1440000000a
06301,"열무, 데친것",F1440000009c
06303,염교(락교),F146000000Ja
06307,"오이, 다다기, 생것",F1480010000a
06310,"오이, 늙은오이, 생것",F1480030000a
06311,"오이지, 염절임",F150000000Ia
06312,오이 피클,F149000000Ja
06313,"김치, 오이 소박이",F2050110009a
06320,"우엉, 생것",F1540000000a
06321,"우엉, 데친것",F1540000009c
06323,"원추리, 생것",F1560000000a
06326,"유채, 잎, 생것",F157000B140a
06327,"유채, 동채, 생것",F1570010000a
06329,"유채, 잎줄기, 데친것",F157004B159c
06333,"겨자, 적색, 생것",F0110010000a
06338,"대나무순(죽순), 생것",F167000B110a
06340,"대나무순(죽순), 데친것",F167000B119c
06341,"대나무순(죽순), 통조림",F167000B11Ra
06347,"참나물, 재배, 생것",F1710020000a
06349,"참나물, 재배, 말린것",F1710020001a
06354,"취나물, 참취, 생것",F1770030000a
06356,"취나물, 참취, 데친것",F1770030009c
06357,"청경채, 생것",F1750000000a
06358,"치커리, 잎, 적색, 생것",F178001B140a
06359,"치커리, 잎, 생것",F178000B140a
06362,"케일, 생것",F1800000000a
06365,"콜라비, 생것",F1810000000a
06366,"콜라비, 데친것",F1810000009c
06367,"콩나물, 생것",F1820000000a
06368,"콩나물, 삶은것",F1820000009b
06372,"콩잎, 잎, 생것",F183000B140a
06375,"토란대, 줄기, 생것",F185000B160a
06376,"토란대, 줄기, 데친것",F185000B169c
06378,"토란대, 줄기, 말린것, 데친것",F185000B161b
06379,"토마토, 생것",F1860000000a
06380,"토마토, 데친것",F1860000009c
06381,토마토 음료,F1870002299a
06382,"토마토, 통조림",F186000000Ra
06383,"토마토, 통조림, 페이스트",F1880000009a
06384,"토마토, 통조림, 퓨레",F189000000Ra
06385,"토마토, 방울토마토, 생것",F1860010000a
06386,"토마토, 흑토마토, 생것",F1860030000a
06388,"파, 골파, 생것",F1910010000a
06389,"파, 쪽파, 생것",F1910030000a
06390,"파, 실파, 생것",F1910020000a
06392,"파슬리, 생것",F1930000000a
06394,"파프리카, 빨간색, 생것",F194000C020a
06395,"파프리카, 주황색, 생것",F194000C040a
06396,"파프리카, 노란색, 생것",F194000C010a
06400,"피망, 초록색, 생것",F196000C050a
06401,"피망, 빨간색, 생것",F196000C020a
06402,"호박, 국수호박, 생것",F1980020000a
06404,"호박, 늙은호박, 생것",F1980030000a
06405,"호박, 늙은호박, 말린것",F1990010001a
06407,"호박, 애호박, 생것",F1980050000a
06408,"호박, 애호박, 데친것",F1980050009c
06410,"호박, 쥬키니, 생것",F1980060000a
06412,"호박, 단호박, 생것",F1980040000a
06413,"호박, 단호박, 데친것",F1980040009c
06414,"호박, 잎, 생것",F198000B140a
06415,"호박, 잎, 데친것",F198000B149c
06416,"호박, 잎, 찐것",F198000B149e
06426,"배추, 삶은것",F0870000009b
06427,"배추, 염절임",F087000000Ia
06431,"고추, 청양고추, 생것",F0180080000a
06432,"고추, 오이고추, 생것",F0180060000a
06433,"고추, 풋고추, 생것",F0180000620a
06434,"고춧잎, 말린것",F019000B141a
06435,"냉이, 데친것",F0330000009c
06436,"당귀, 일당귀, 잎, 생것",F040001B140a
06437,"당귀, 참당귀, 잎, 생것",F040004B140a
06443,"배추, 봄동, 데친것",F0870030009c
06460,"브로콜리, 잎, 말린것",F092000B141a
06462,"브로콜리, 가루",F0920000005a
06466,"비타민채(다채), 어린잎, 생것",F0940002660a
06467,"양배추, 적색, 싹, 생것",F129001B120a
06475,"오이, 취청, 생것",F1480050000a
06481,"파, 생것",F1910000000a
06485,무국물,F0700000009a
06491,"알로에, 과육, 생것",F1260000590a
06492,들깻잎장아찌,F0500000009a
06499,"갯기름나물, 하우스, 데친것",F0080020009c
06503,"고구마, 줄기, 삶아서 말린것, 삶은것",F208000B163b
06504,"고구마, 줄기, 데친것",F208000B169c
06509,"겨자, 녹색, 생것",F0110020000a
06510,"고춧잎, 삶아서 말린것, 삶은것",F019000B143b
06515,"김치, 얼갈이배추 김치",F2050160009a
06518,당근 주스,F0420000749a
06527,"루꼴라, 생것",F2320000000a
06528,"마늘, 데친것",F053000B069c
06529,"마늘, 통마늘, 구운것",F053000B069f
06534,"풋마늘, 잎줄기, 데친것",F054000B159c
06535,"마늘종, 꽃줄기, 데친것",F055000B089c
06543,"무 절임, 쌈무",F222000000Ja
06544,"미니파프리카, 주황색, 생것",F194004C040a
06545,"미니파프리카, 노란색, 생것",F194002C010a
06546,"미니파프리카, 빨간색, 생것",F194003C020a
06548,"배초향(방아), 잎, 생것",F221000B140a
06557,"배추, 가을 재배, 염절임",F087000228Ia
06562,"뽕잎, 삶아서 말린것, 삶은것",F2350000003b
06564,"뽕잎, 생것",F2350000000a
06565,"부지갱이(섬쑥부쟁이), 생것",F0900000000a
06568,"부지갱이(섬쑥부쟁이), 데친것",F0900000009c
06569,"산마늘(명이나물), 데친것",F098000B159c
06573,"삼채, 뿌리, 생것",F217000B090a
06577,"상추, 잎상추, 치마상추, 녹색, 생것",F1010162490a
06578,"상추, 잎상추, 치마상추, 적색, 생것",F1010162500a
06579,"갯나물, 세발나물, 데친것",F1060000009c
06583,"숙주나물, 찐것",F1120000009e
06587,"시금치, 노지, 데친것",F1150010009c
06588,"시금치, 포항초, 데친것",F1150020009c
06589,"시금치, 하우스, 데친것",F1150030009c
06590,"시금치, 섬초, 생것",F1150040000a
06591,"시금치, 섬초, 데친것",F1150040009c
06594,"아주까리, 순, 말린것",F125000B110a
06599,"양배추, 찐것",F1290000009e
06600,"양파, 자색 양파, 생것",F1320020000a
06604,양파 장아찌,F2180000009a
06605,"배추, 얼갈이배추, 데친것",F1360000009c
06607,"울금, 뿌리줄기, 생것",F228000B100a
06609,"유채, 잎, 데친것",F157000B149c
06610,"유채, 동채, 데친것",F1570010009c
06611,"대나무순(죽순), 삶은것",F167000B119b
06612,"참나물, 재배, 데친것",F1710020009c
06613,"참죽나물(가죽나물), 생것",F1740000000a
06616,"참죽나물(가죽나물), 데친것",F1740000009c
06617,"청경채, 데친것",F1750000009c
06620,"취나물, 참취, 삶아서 말린것",F1770030003a
06621,"취나물, 참취, 삶아서 말린것, 데친것",F1770030003c
06625,"토마토, 대저, 생것",F1860040000a
06626,"토마토, 대저, 데친것",F1860040009c
06630,"파, 대파, 생것",F1910040000a
06636,"할라페뇨, 통조림",F233000000Ra
06637,"호박, 늙은호박, 찐것",F1980030009e
06638,"호박, 단호박, 찐것",F1980040009e
06639,"호박, 애호박, 말린것, 데친것",F1980050001c
06640,"호박, 애호박, 말린것",F1980050001a
06643,호박즙,F2150000759a
06644,"우엉, 장조림",F2140000009r
06645,"멸치 볶음, 멸치풋고추볶음",K0670010009a
06646,채소 주스,P0010000009a
06647,"채소 주스, 녹즙",P0010042369a
06650,"배추, 시래기, 말린것, 삶은것",F087000B141b
06651,산마늘(명이나물)장아찌,F098000B15Ja
06652,"갯기름나물, 생것",F0080000000a
06653,"갯기름나물, 데친것",F0080000009c
06655,"시금치, 생것",F1150000000a
07003,"느타리버섯, 생것",G0040000000a
07004,"느타리버섯, 데친것",G0040000009c
07005,"만가닥버섯, 생것",G0070000000a
07006,"목이버섯, 말린것",G0080000001a
07007,"목이버섯, 데친것",G0080000009c
07016,"석이버섯, 말린것",G0130000001a
07017,"상황버섯, 말린것",G0120000001a
07018,"송이버섯, 생것",G0140000000a
07021,"싸리버섯, 생것",G0150000000a
07024,"아위버섯, 생것",G0160000000a
07025,"양송이버섯, 생것",G0180000000a
07026,"양송이버섯, 통조림",G018000000Ra
07034,"큰느타리버섯(새송이버섯), 생것",G0230000000a
07035,"큰느타리버섯(새송이버섯), 데친것",G0230000009c
07038,"팽이버섯, 생것",G0250040000a
07039,"팽이버섯, 데친것",G0250040009c
07044,"표고버섯, 참나무재배, 생것",G0270020000a
07045,"표고버섯, 참나무재배, 데친것",G0270020009c
07046,"표고버섯, 참나무재배, 말린것",G0270020001a
07047,"표고버섯, 참나무재배, 말린것, 삶은것",G0270000001b
07048,"표고버섯, 가루",G0270000005a
07064,"목이버섯, 생것",G0080000000a
07069,"능이버섯(향버섯), 생것",G0050000000a
07078,"애느타리버섯, 생것",G0170000000a
07081,"표고버섯, 배지재배, 갓, 생것",G0270000640a
07082,"표고버섯, 배지재배, 갓, 말린것",G0270000641a
07101,"양송이버섯, 말린것(자연건조)",G018000000Xa
08001,"감, 단감, 생것",H0010010000a
08003,"감, 연시, 생것",H0010040000a
08004,"감, 대봉, 갑주백목, 생것",H0010020000a
08005,"감, 연시, 냉동",H0010040007a
08006,"감, 감말랭이, 말린것",H0050000001a
08007,"감, 곶감, 말린것",H0060000001a
08013,"귤 주스, 천연과즙",H0130000759a
08016,"귤, 통조림",H010000E03Ra
08018,"귤, 만감류, 한라봉, 생것",H0100010000a
08020,"구아바 주스, 과즙 음료(10%)",H0090000739a
08022,"자몽(그레이프프루트), 생것",H0840000000a
08026,"자몽(그레이프프루트) 주스, 가당, 캔",H085000E01Qa
08028,"금귤, 생것",H0140000000a
08032,"대추, 생것",H0160000000a
08033,"대추, 말린것",H0160000001a
08035,"두리안, 생것",H0180000000a
08036,"딸기, 개량종, 생것",H0190010000a
08038,"딸기, 잼",H0210000009a
08040,"라임 주스, 천연과즙",H0230000759a
08042,"레몬, 생것",H0240000000a
08043,레몬 과즙,H0250000009a
08048,"망고, 생것",H0280000000a
08049,"매실, 생것",H0290000000a
08050,매실청,H030000000Ha
08051,"매실 절임, 염절임, 고형물",H031000000Ia
08053,"머루, 개량머루, 생것, 껍질과 씨 포함",H0320010000a
08054,"머루, 생것, 껍질과 씨 포함",H032000B220a
08057,"멜론, 머스크, 생것",H0340020000a
08060,"무화과, 생것",H0360000000a
08061,"무화과, 수입산, 말린것",H0360000001a
08063,"바나나, 생것",H0370000000a
08064,"바나나, 말린것",H0370000001a
08065,"배, 신고, 생것",H0380040000a
08068,배즙,H0390000009a
08077,"복숭아, 백도, 생것",H0430020000a
08078,"복숭아, 천도, 생것",H0430070000a
08079,"복숭아, 황도, 생것",H0430080000a
08080,"복숭아, 넥타",H0440000009a
08082,"복숭아, 잼",H0450000009a
08084,"복숭아, 황도, 통조림",H043008000Ra
08085,"블루베리, 생것",H0470000000a
08086,"블루베리, 잼",H0480000009a
08090,"사과, 부사, 생것",H0500020000a
08091,"사과, 아오리, 생것, 껍질 포함",H050003B030a
08092,"사과, 홍옥, 생것",H0500070000a
08093,"사과, 말린것",H0500000001a
08096,사과 주스,H0530000749a
08097,사과 음료,H053000000Qa
08100,"사과, 잼",H0520000009a
08101,"산딸기, 생것",H0540000000a
08103,"살구, 생것",H0560000000a
08104,"살구, 말린것",H0560000001a
08107,"살구, 잼",H0580000009a
08108,"석류, 생것",H0590000000a
08110,"수박, 적육질, 생것",H0610030000a
08114,"아보카도, 생것",H0640000000a
08116,"앵두, 생것",H0660000000a
08119,"오디, 생것",H0680000009a
08121,"오렌지, 생것",H0690000000a
08122,오렌지 주스,H0720000009a
08126,오렌지 마멀레이드,H0710000009a
08129,"올리브 절임, 미숙, 초록색",H076000C059a
08130,"올리브 절임, 완숙, 검은색",H0760000799a
08136,"자두, 생것",H0820000000a
08137,"참외, 생것, 씨 포함",H086000B040a
08138,"참외, 금싸라기, 생것, 씨 제거",H0860010850a
08141,"크랜베리, 생것",H0880000000a
08142,"크랜베리 주스, 칵테일",H0890000869a
08144,"파인애플, 생것",H0920000000a
08145,파인애플 주스,H0940000749a
08148,"파인애플 주스, 캔",H094000000Qa
08150,"파인애플, 통조림, 고형물",H092000251Ra
08153,"백향과(패션프루트) 주스, 황색과육",H0970000849a
08155,"포도, 거봉, 생것",H0980010000a
08158,"포도, 캠벨얼리, 생것",H0980070000a
08160,"포도, 건포도",H0980000001a
08161,포도 주스,H1020000009a
08163,포도즙,H1060000759a
08170,"프루트칵테일, 통조림",H104000000Ra
08173,"배, 생것",H0380000000a
08174,"사과, 생것",H0500000000a
08181,"귤, 온주밀감, 생것",H0100020000a
08184,"망고, 애플망고, 생것",H0280010000a
08193,"블랙베리, 생것",H0460000000a
08194,"블루베리, 냉동",H0470000007a
08198,"오미자, 말린것",H0730000001a
08199,오미자청,H074000000Ha
08200,"용과, 백육종, 생것",H0770010000a
08207,"자두, 말린것",H0820000001a
08210,유자청,O023000000Ha
08215,"귤, 만감류, 천혜향, 생것",H0100060000a
08216,"꾸지뽕, 열매, 생것",H114000B130a
08217,"딸기, 말린것",H0190010001a
08221,"리치, 냉동",H0270000007a
08222,"망고스틴, 생것",H1160000000a
08225,"바나나칩, 튀긴것",H0370000001j
08226,"배 음료, 캔",H1070000619a
08229,"복숭아, 황도, 통조림, 고형물",H043008251Ra
08233,"블루베리, 말린것",H0470000001a
08234,"사과, 아오리, 생것",H050003B020a
08236,"아로니아, 네로, 생것",H1100010000a
08237,"아로니아, 바이킹, 냉동",H1100020007a
08242,"참외, 생것, 씨 제거",H086000B200a
08243,"체리, 생것",H1110000000a
08244,"체리, 통조림, 고형물",H112000251Ra
08246,"크랜베리, 말린것, 가당",H0880000001a
08247,"키위, 골드, 생것",H0900010000a
08248,"키위, 그린, 생것",H0900020000a
08249,키위 주스,H1090002449a
08250,"파인애플, 통조림, 액즙",H092000252Ra
08253,"파파야, 완숙, 생것",H0950002540a
08255,"백향과(패션프루트), 생것, 씨 포함",H0960000000a
08256,"포도, 거봉, 생것, 껍질 포함",H098001B030a
08257,"포도, 캠벨얼리, 생것, 껍질 포함",H098007B030a
08258,"포도, 캠벨얼리, 생것, 껍질과 씨 포함",H098007B220a
08259,"포도, 힘로드시드레스, 생것",H0980080000a
08260,"포도, 힘로드시드레스, 생것, 껍질 포함",H098008B030a
08261,"포도, 샤인머스캣, 생것, 껍질 포함",H098009B030a
08263,"귤, 만감류, 레드향, 생것",H0100140000a
08264,"귤, 만감류, 황금향, 생것",H0100150000a
08265,"포도, 레드글로브, 생것, 껍질 포함",H098012B030a
09001,"개고기, 생것",
09015,"닭고기, 성계, 생것",I0080010000a
09016,"닭고기, 살코기, 생것",I008000D150a
09018,"닭고기, 살코기, 삶은것",I008000D159b
09020,"닭고기, 살코기, 튀긴것(튀김옷)",I008000D159k
09026,"닭고기, 가슴, 생것",I008000D020a
09027,"닭고기, 가슴, 구운것(팬)",I008000D029g
09028,"닭고기, 가슴, 튀긴것(튀김옷)",I008000D029k
09029,"닭고기, 날개, 생것",I008000D050a
09030,"닭고기, 날개, 구운것(오븐)",I008000D059i
09033,"닭고기, 날개, 튀긴것(튀김옷)",I008000D059k
09037,"닭고기, 다리(넓적다리), 튀긴것(튀김옷)",I008000D069k
09038,"닭고기, 다리(넓적다리), 생것",I008000D060a
09041,"닭고기, 다리(아랫다리), 생것",I008000F080a
09042,"닭고기, 다리(아랫다리), 구운것(오븐)",I008000F089i
09045,"닭고기, 다리(아랫다리), 튀긴것(튀김옷)",I008000F089k
09051,"닭고기, 목, 튀긴것(튀김옷)",I008000D129k
09052,"닭고기, 영계, 삶은것",I0080020009b
09054,"닭고기, 토종, 생것",I0080040000a
09060,"닭고기, 전체, 튀긴것",I008000B019j
09061,닭 육수,I0110000009a
09066,"닭 부산물, 모래주머니, 생것",I009000D410a
09070,"돼지고기, 살코기, 생것",I014000D150a
09071,"돼지고기, 갈비, 생것",I014000D030a
09072,"돼지고기, 갈비, 구운것(팬)",I014000D039g
09073,"돼지고기, 갈비, 삶은것",I014000D039b
09075,"돼지고기, 뒷다리, 생것",I014000D100a
09077,"돼지고기, 등심, 생것",I014000D110a
09078,"돼지고기, 등심, 구운것(팬)",I014000D119g
09081,"돼지고기, 목심, 생것",I014000D130a
09082,"돼지불고기, 생것",I0190000000a
09083,"돼지고기, 사태, 생것",I014000D140a
09084,"돼지고기, 사태, 구운것(팬)",I014000D149g
09085,"돼지고기, 삼겹살(삼겹살), 생것",I014000D160a
09086,"돼지고기, 안심, 생것",I014000D200a
09089,"돼지고기, 앞다리(앞다리살), 생것",I014000D770a
09094,"돼지 부산물, 간, 삶은것",I015000D339b
09096,"돼지 부산물, 머리고기, 생것",I015000D400a
09097,"돼지 부산물, 소창(곱창), 삶은것",I015000D459b
09099,"돼지 부산물, 신장, 삶은것",I015000D469b
09101,"돼지 부산물, 심장(염통), 삶은것",I015000D479b
09103,"돼지 부산물, 족발, 삶은것",I015000D519b
09104,"돼지 부산물, 족발, 조미, 삶은것",I015000D51Db
09106,"돼지 부산물, 허파, 삶은것",I015000D579b
09107,"포크커틀릿, 냉동",I0180000007a
09109,베이컨,I0210000009a
09110,"베이컨, 구운것",I0210000009f
09113,"소시지, 볼로냐소시지",I0160020009a
09114,"소시지, 위너(비엔나)소시지",I0160030009a
09115,"소시지, 이탈리안소시지",I0160040009a
09116,"소시지, 프랑크푸르트소시지",I0160050009a
09119,"햄, 등심햄",I0170010009a
09124,"햄, 슬라이스햄",I0170060009a
09128,"햄, 런천미트햄",I0170020009a
09135,"소고기, 한우(1등급), 살코기, 생것",I027006D150a
09137,"소고기, 한우, 등심, 생것",I027003D110a
09142,"소고기, 한우, 양지, 생것",I027003D280a
09145,"소불고기, 생것",I0290000000a
09149,"소고기, 수입산, 목심(목심살), 생것",I027001D130a
09150,"소고기, 수입산, 목심(목심살), 삶은것",I027001D139b
09156,"소고기, 수입산, 안심(안심살), 구운것",I027001D209f
09162,"소 부산물, 간, 생것",I028000D330a
09166,"소 부산물, 꼬리, 생것",I028000D360a
09167,양지국물,I0300000009a
09168,"우족국물, 중량3배물",I0310001079a
09170,"소 부산물, 외국산, 대장, 생것",
09171,"소 부산물, 소장(곱창), 생것",I028000D450a
09172,"소 부산물, 신장, 생것",I028000D460a
09174,"소 부산물, 심장, 생것",I028000D470a
09176,"소 부산물, 양(위), 생것",I028000D480a
09177,"소 부산물, 천엽, 생것",I028000D540a
09178,"소 부산물, 선지(피), 생것",I028000D440a
09179,"소 부산물, 허파, 생것",I028000D570a
09183,"소고기, 육포",I0320000009a
09218,"어린양고기, 수입산, 살코기, 생것",I037001D150a
09233,"칠면조고기, 생것",I0430010000a
09239,"햄, 프레스햄",I0170080009a
09251,"돼지고기, 삼겹살, 구운것(팬)",I014000D169g
09252,"돼지 부산물, 대장, 생것",I015000D380a
09255,"돼지 부산물, 소창(곱창), 생것",I015000D450a
09256,"돼지 부산물, 위(오소리감투), 삶은것",I015000D499b
09261,"포크커틀릿, 냉동, 튀긴것(빵가루)",I0180000007j
09283,"닭고기, 가슴, 삶은것",I008000D029b
09284,"닭고기, 다리(넓적다리), 삶은것",I008000D069b
09285,"닭 부산물, 닭발, 삶은것",I009000F050b
09288,"돼지고기, 목심, 삶은것",I014000D139b
09289,"돼지고기, 목심, 구운것(팬)",I014000D139g
09291,"돼지고기, 삼겹살, 삶은것",I014000D169b
09295,"돼지고기, 뒷다리(뒷사태살), 생것",I014000D640a
09299,"돼지고기, 뒷다리(홍두깨살), 생것",I014000D680a
09304,"돼지고기, 삼겹살(갈매기살), 생것",I014000D730a
09305,"돼지고기, 삼겹살(등갈비), 생것",I014000D740a
09308,"돼지고기, 앞다리(항정살), 생것",I014000D780a
09310,"돼지 부산물, 위(오소리감투), 생것",I015000D490a
09315,"소고기, 한우, 등심, 구운것(팬)",I027003D119g
09316,"소고기, 한우, 양지, 삶은것",I027003D289b
09317,"소고기, 한우, 양지, 구운것(팬)",I027003D289g
09318,"소고기, 한우(1등급), 목심, 생것",I027006D130a
09320,"소고기, 한우(1등급), 설도(설깃살), 생것",I027006D190a
09321,"소고기, 한우(1등급), 안심, 생것",I027006D200a
09322,"소고기, 한우(1등급), 앞다리(꾸리살), 생것",I027006D220a
09323,"소고기, 한우(1등급), 우둔(우둔살), 생것",I027006D260a
09324,"소고기, 한우(1등급), 우둔(홍두깨살), 생것",I027006D270a
09325,"소고기, 한우(1등급), 양지(양지머리), 생것",I027006D290a
09326,"소고기, 한우(1등급), 양지(업진살), 생것",I027006D300a
09327,"소고기, 한우(1등급), 채끝, 생것",I027006D320a
09328,"소고기, 한우(1등급), 앞다리(부채살), 생것",I027006D710a
09329,"소고기, 한우(1등급), 앞다리(앞다리살), 생것",I027006D770a
09330,"소고기, 한우(1등급), 갈비(꽃갈비), 생것",I027006D800a
09337,"소고기, 한우(1등급), 등심(살치살), 생것",I027006D870a
09343,"소고기, 한우(1등급), 사태(아롱사태), 생것",I027006D930a
09344,"소고기, 한우(1등급), 사태(앞사태), 생것",I027006D940a
09345,"소고기, 한우(1등급), 설도(도가니살), 생것",I027006D950a
09346,"소고기, 한우(1등급), 설도(삼각살), 생것",I027006D960a
09352,"소고기, 한우(1등급), 양지(차돌박이), 생것",I027006F030a
09353,"소고기, 한우(1등급), 양지(치마살), 생것",I027006F040a
09356,"오리고기, 생것, 껍질 포함",I040000B030a
09357,"오리고기, 살코기, 생것",I040000D150a
09361,"소고기, 한우(1등급), 갈비, 생것",I027006D030a
09362,"소고기, 한우(1등급), 등심, 생것",I027006D110a
09363,"소고기, 한우(1등급), 사태, 생것",I027006D140a
09364,"소고기, 한우(1등급), 설도, 생것",I027006D170a
09365,"소고기, 한우(1등급), 앞다리, 생것",I027006D210a
09366,"소고기, 한우(1등급), 우둔, 생것",I027006F070a
09367,"소고기, 한우(1등급), 양지, 생것",I027006D280a
10005,"달걀, 생것",J0030000000a
10006,"달걀, 삶은것",J0030000009b
10007,"달걀, 난백, 생것",J0030001080a
10008,"달걀, 난백, 삶은것",J0030001089b
10009,"달걀, 난황, 생것",J0030001090a
10011,"달걀, 가루",J0030000005a
10012,"달걀, 수란, 중탕",J0050000009s
10013,"달걀, 스크램블에그",J0060000009n
10014,"달걀, 부침(달걀프라이)",J0040000009m
10015,"메추리알, 생것",J0080000000a
10016,"메추리알, 삶은것",J0080000009b
10018,"오리알, 피단",J0100010009a
11004,"가다랑어, 반건",
11007,"다랑어, 가다랑어, 통조림, 유지",K001000000Sa
11013,"가오리, 나비가오리, 생것",K0070010000a
11014,"가오리, 노랑가오리, 생것",K0070020000a
11017,"가오리, 조미하여 말린것",K007000000Ba
11018,"가자미, 생것",K0080000000a
11032,"갈치, 생것",K0100000000a
11033,"갈치, 얼간",K010000000Ka
11034,"갈치, 젓갈",K011000000Ia
11039,"고등어, 생것",K0150000000a
11041,"고등어, 반건조",K0150000004a
11042,"고등어, 구운것",K0150000009f
11044,"고등어, 자반고등어",K015000112Ka
11045,"고등어, 통조림",K015000000Ra
11055,"꽁치, 생것",K0230000000a
11060,"꽁치, 통조림, 조미",K023000000Ta
11062,"날치, 알, 생것",K025000D590a
11065,"넙치(광어), 생것",K0270000000a
11083,"다랑어, 참다랑어, 생것",K0390010000a
11085,"다랑어, 참다랑어, 붉은살, 생것",K0390010940a
11089,"다랑어, 참다랑어, 냉동",K0390010007a
11093,"다랑어, 황다랑어, 생것",K0390020000a
11099,"대구, 생것",K0440000000a
11102,"대구, 내장, 생것",K045000D370a
11103,"대구, 알, 생것",K045000D590a
11104,"대구, 냉동",K0440000007a
11109,"대구, 아가미, 젓갈",K047001000Ia
11110,"대구 튀김, 냉동",K0460000007a
11112,"도다리, 생것",K0500000000a
11113,"도루묵, 생것",K0520000000a
11119,"돔, 감성돔, 생것",K0550020000a
11126,"돔, 돌돔, 생것",K0550090000a
11135,"돔, 옥돔, 생것",K0550190000a
11138,"돔, 옥돔, 반건조",K0550190004a
11141,"돔, 참돔, 생것",K0550220000a
11143,"돔, 참돔, 삶은것",K0550220009b
11162,"메기, 생것",K0650000000a
11163,"멸치, 생것",K0660000000a
11164,"멸치, 대멸치, 삶아서 말린것",K0660001143a
11165,"멸치, 중멸치, 삶아서 말린것",K0660001153a
11166,"멸치, 잔멸치, 삶아서 말린것",K0660001163a
11167,"멸치, 젓갈",K069000000Ia
11168,"멸치, 액젓",K069001000Ia
11169,"멸치, 통조림, 유지",K066000000Sa
11170,"명태, 생것",K0700000000a
11172,"명태, 북어, 말린것",K0700001171a
11173,"명태, 노가리, 말린것",K0700001181a
11174,"명태, 동태, 냉동",K0700001227a
11175,"명태, 코다리, 반건조",K0700001214a
11177,"명태, 먹태, 포, 말린것",K070000D561a
11180,"명태, 알, 생것",K071000D590a
11188,"문절망둑, 생것",K0750000000a
11191,"메기, 물메기, 생것",K0650010000a
11193,"미꾸리, 생것",K0770000000a
11196,"민어, 생것",K0790000000a
11206,"박대, 반건조",K0820000004a
11207,"방어, 생것",K0830000000a
11213,"밴댕이, 생것",K0850000000a
11214,"밴댕이, 삶아서 말린것",K0850000003a
11215,"밴댕이, 젓갈",K086000000Ia
11218,"뱅어, 포, 말린것",K087000D561a
11219,"베도라치, 생것",K0880000000a
11225,"병어, 생것",K0920000000a
11229,"복어, 검복, 생것",K0950010000a
11230,"복어, 까치복, 생것",K0950030000a
11233,"복어, 밀복, 생것",K0950060000a
11239,"볼락, 생것",K0960000000a
11242,"볼락, 조피볼락(우럭), 생것",K0960070000a
11244,"볼락, 구운것",K0960000009f
11248,"볼락, 불볼락, 생것",K0960040000a
11261,"빙어, 바다빙어, 구운것(오븐)",K1030010000i
11267,"삼치, 생것",K1070000000a
11287,"서대, 참서대, 생것",K1150030000a
11293,"숭어, 생것",K1200000000a
11298,"쏘가리, 생것",K1240000000a
11303,"아귀, 생것",K1280000000a
11305,"아귀, 간, 생것",K129000D330a
11313,"양미리, 생것",K1330000000a
11315,"양태, 생것",K1340000000a
11318,"연어, 생것",K1370000000a
11319,"연어, 생것, 소금첨가",K1370001240a
11321,"연어, 알, 생것",K138000D590a
11328,"연어, 훈제",K137000000Fa
11333,"대구, 은대구, 생것",K0440020000a
11345,"임연수어, 생것",K1480000000a
11346,"임연수어, 반건조",K1480000004a
11347,"임연수어, 염장",K148000000Ka
11352,"장어, 갯장어, 생것",K1530010000a
11353,"장어, 먹장어, 생것",K1530020000a
11354,"장어, 뱀장어, 생것",K1530040000a
11355,"장어, 뱀장어, 구운것",K1530040009f
11358,"장어, 붕장어, 생것",K1530050000a
11360,"장어, 붕장어, 뼈, 튀긴것",K154002D439j
11363,"장문볼락, 생것",K1520000000a
11375,"전어, 생것",K1570000000a
11392,"조기(참조기), 생것",K1620000000a
11393,"조기(참조기), 굴비, 소금에 절여 말린것",K162000129Aa
11394,"조기(참조기), 젓갈",K163000000Ia
11406,"청어, 생것",K1680000000a
11416,"틸라피아, 생것",K1730000000a
11423,"향어, 생것",K1780000000a
11424,"홍어, 생것",K1800000000a
11433,"황새치, 젓갈",K184000000Ia
11440,"어묵, 구운것",K8000000009f
11441,"어묵, 찐어묵",K8000000009e
11442,어묵,K8000000009j
11443,어육소시지,K8030000009a
11449,"가리비, 생것",K4000000000a
11451,"가리비, 삶은것",K4000000009b
11455,"가리비, 관자, 생것",K4000001300a
11459,"조개, 가무락조개, 생것",K4250010000a
11461,"조개, 개량조개(명주조개), 생것",K4250020000a
11462,"조개, 개량조개(명주조개), 말린것",K4250020001a
11463,"조개, 개조개, 생것",K4250030000a
11467,"굴, 참굴, 생것",K4040020000a
11473,"굴, 참굴, 양념젓갈(어리굴젓)",K405001000Ia
11477,"꼬막, 생것",K4060000000a
11479,"우렁이, 논우렁이, 생것",K4190010000a
11481,"동죽, 생것",K4110000000a
11491,"바지락, 생것",K4130000000a
11495,"바지락, 젓갈",K414000000Ia
11498,"백합, 생것",K4150000000a
11507,"대합, 북방대합, 생것",K4100010000a
11508,"맛, 붉은맛(큰죽합), 생것",K4120010000a
11512,"꼬막, 새꼬막, 생것",K4060010000a
11516,"소라, 생것",K4160000000a
11517,"소라, 통조림",K416000000Ra
11521,"우렁이, 왕우렁, 생것",K4190030000a
11522,"조개, 우럭, 생것",K4250100000a
11523,"고둥, 위고둥, 생것",K4030130000a
11524,"재첩, 생것",K4210000000a
11525,"전복, 둥근전복, 생것",K4220010000a
11527,"전복, 북방전복, 생것",K4220030000a
11530,"전복, 내장, 생것",K423000D370a
11534,"조개, 접시조개(비단조개), 생것",K4250110000a
11541,"우렁이, 큰구슬우렁이(골뱅이), 생것",K4190040000a
11543,"조개, 키조개, 생것",K4250140000a
11546,"고둥, 피뿔고둥, 생것",K4030170000a
11547,"조개, 피조개, 생것",K4250160000a
11550,"담치, 참담치(홍합), 생것",K4270000000a
11551,"담치, 참담치(홍합), 삶아서 말린것",K4270000003a
11552,"담치, 참담치(홍합), 통조림",K427000000Ra
11553,"가재, 갯가재, 생것",K6000010000a
11555,"가재, 바닷가재, 생것",K6000020000a
11556,"가재, 바닷가재, 찐것",K6000020009e
11557,"오징어, 갑오징어, 생것",K6230010000a
11559,"개불, 생것",K6010000000a
11560,"게, 꽃게, 생것",K6020010000a
11561,"게, 꽃게, 찐것",K6020010009e
11564,"게, 닭게, 젓갈",K604001000Ia
11570,"게, 붉은대게, 생것",K6020100000a
11575,"군소, 생것",K6050000000a
11577,"꼴뚜기, 참꼴뚜기, 삶아서 말린것",K6060000003a
11579,"꼴뚜기, 양념젓갈",K607000127Ia
11581,"낙지, 세발낙지, 생것",K6080010000a
11582,"문어, 생것",K6110000000a
11583,"문어, 대문어, 말린것",K6110000001a
11584,"문어, 삶은것",K6110000009b
11585,"미더덕, 생것",K6120000000a
11586,"게, 방게, 생것",K6020060000a
11587,"성게, 보라성게, 알, 생것",K619001D599a
11590,"꼴뚜기, 불똥꼴뚜기, 삶은것",K6060010009b
11594,"새우, 가시발새우, 생것",K6130010000a
11597,"새우, 꽃새우, 생것",K6130050000a
11598,"새우, 꽃새우, 찐것",K6130050009e
11599,"새우, 꽃새우, 튀긴것(빵가루)",K6130050009k
11600,"새우, 꽃새우, 냉동",K6130050007a
11601,"새우, 꽃새우, 삶아서 말린것",K6130050003a
11605,"새우, 대하, 생것",K6130070000a
11609,"새우, 보리새우, 생것",K6130110000a
11610,"새우, 보리새우, 삶은것",K6130110009b
11612,"새우, 중하, 생것",K6130130000a
11617,"새우, 젓새우, 생것",K6130140000a
11621,"새우, 징거미새우, 생것",K6130150000a
11626,"새우, 젓갈, 토굴육젓",K617005136Ia
11627,"새우, 젓갈, 추젓",K617007000Ia
11634,"성게, 알, 젓갈",K620002000Ia
11636,"오징어, 생것",K6230000000a
11637,"오징어, 말린것",K6230000001a
11638,"오징어, 구운것",K6230000009f
11641,"오징어, 냉동",K6230000007a
11644,"오징어, 양념젓갈",K627000127Ia
11646,"오징어, 조미, 구운것",K623000000Df
11647,"오징어, 포, 조미하여 말린것",K623000D56Ba
11649,"오징어, 조미훈제",K623000000Ga
11650,"멍게(우렁쉥이), 생것",K6100000000a
11651,"멍게, 양식, 생것",K6100030000a
11652,"주꾸미, 생것",K6290000000a
11658,"한치, 생것",K6330000000a
11659,"해삼, 생것",K6340000000a
11660,"해삼, 말린것",K6340000001a
11662,"해파리, 생것",K6360000000a
11666,"새우, 젓갈",K617004000Ia
11693,"명태, 황태, 포, 말린것",K0700001201a
11707,"다슬기, 생것",K4070000000a
11720,"게, 대게, 생것",K6020030000a
11723,"게, 민꽃게, 생것",K6020040000a
11734,어묵 국물,K8010000009a
11738,"쥐치, 포, 조미하여 말린것",K165000D56Ba
11740,큰우슬우렁이(골뱅이) 무침,K4200010009a
11742,"게, 대게, 삶은것",K6020030009b
11744,"낙지, 생것",K6080000000a
11745,"새우, 흰다리새우, 생것",K6130180000a
11752,"까나리, 액젓",K019001000Ia
11753,"꽁치, 통조림",K023000000Ra
11755,"명태, 알, 양념젓갈(명란젓)",K072001127Ia
11756,"명태, 내장, 양념젓갈(창난젓)",K072002127Ia
11758,"우렁이, 큰구슬우렁이(골뱅이), 통조림, 고형물",K419004251Ra
11759,"조개, 젓갈",K425000000Ia
11760,"오징어, 채, 조미하여 말린것",K623000F06Ba
11761,"낙지, 양념젓갈",K806000127Ia
12001,"갈래곰보, 생것",L0010000000a
12004,"김, 참김, 생것",L0030090000a
12005,"김, 참김, 말린것",L0030090001a
12009,"김, 참김, 구운것",L0030090009f
12010,"김, 김밥용김, 말린것",L0030010001a
12011,"김, 둥근돌김, 말린것",L0030030001a
12014,"김, 초밥김, 말린것",L0030100001a
12016,"꼬시래기, 생것",L0040000000a
12017,"다시마, 생것",L0050000000a
12018,"다시마, 말린것",L0050000001a
12025,다시마 튀각,L0080000009a
12028,"매생이, 말린것",L0110000001a
12033,"미역, 생것",L0130000000a
12035,"미역, 말린것",L0130000001a
12037,"미역, 줄기, 생것",L013000B160a
12041,"미역, 염장, 데친것",L013000000Kc
12043,"불등풀가사리, 말린것",L0150000001a
12048,우뭇가사리묵(우무),L0200000009a
12049,한천,L0210000009a
12055,"톳, 생것",L0260000000a
12056,"톳, 말린것",L0260000001a
12058,"파래, 생것",L0270000000a
12060,"파래, 말린것",L0270000001a
12070,"매생이, 생것",L0110000000a
12071,"미역, 줄기, 염장 후 탈염, 삶은것",L013000B16Lb
12073,"김, 조미김, 구운것",L0030040009f
13002,"분유, 전지",M0020040009a
13004,"분유, 2단계",M0020020009a
13005,"분유, 3단계",M0020030009a
13007,"연유, 점성이 높은것",M007000E019a
13009,"연유, 점성이 낮은것",M007000E039a
13010,우유,M0090000009a
13012,"우유, 저지방우유",M0090040009a
13014,"우유, 강화우유, 고칼슘",M0090021469a
13015,"우유, 가공우유, 딸기맛",M0090011389a
13016,"우유, 가공우유, 바나나맛",M0090011459a
13017,"우유, 가공우유, 초코맛",M0090011429a
13018,"우유, 가공우유, 커피맛",M0090011439a
13019,산양유,M0030000009a
13020,셔벗,M0040000009a
13021,아이스밀크,M0050000009a
13022,"아이스크림, 유지방 12%",M0060002099a
13023,"아이스크림, 유지방 8%",M0060002089a
13024,"아이스크림, 딸기맛",M0060001389a
13025,"아이스크림, 바닐라맛",M0060001399a
13026,"아이스크림, 초콜릿맛",M0060001409a
13027,"아이스크림, 소프트 아이스크림, 바닐라맛",M0060011399a
13028,"요구르트, 액상",M0080010009a
13029,"요구르트, 호상, 딸기맛",M0080041389a
13030,"요구르트, 호상, 플레인",M0080042339a
13034,"치즈, 모차렐라",M0100020009a
13035,"치즈, 체다",M0100040009a
13037,"치즈, 크림",M0100060009a
13038,"치즈, 파르메산(파마산)",M0100070009a
13045,"크림, 휘핑, 동물성",M0130050009a
13046,"요구르트, 액상(농후), 딸기맛",M0080011389a
13047,"요구르트, 액상, 저당",M0080012319a
13049,"요구르트, 액상(농후), 식이섬유 첨가",M0080030009a
13050,"요구르트, 액상(농후), 사과맛, 식이섬유 첨가",M0080032149a
13052,"요구르트, 액상(농후), 플레인, 식이섬유 첨가",M0080032339a
13053,"요구르트, 호상, 망고맛",M0080042349a
13054,"치즈, 블루",M0100080009a
13055,"치즈, 브리",M0100090009a
13056,"치즈, 까망베르",M0100100009a
13057,"치즈, 고다",M0100110009a
13059,"치즈, 리코타",M0100130009a
13060,"크림, 생크림",M0130070009a
13061,"크림, 휘핑, 식물성",M0130060009a
13062,"치즈, 모차렐라, 슈레드타입",M0100022659a
14001,닭기름,N0010000009a
14002,돼지기름,N0020000009a
14003,들기름,N0030000009a
14005,땅콩 버터,N0050000009a
14006,"땅콩 버터, 청크",N0050040009a
14007,"땅콩 버터, 크림",N0050050009a
14008,마가린,N0060000009a
14010,버터,N0080000009a
14013,쇠기름,N0110000009a
14014,쇼트닝,N0120000009a
14015,쌀겨기름(미강유),N0130000009a
14017,옥수수기름,N0160000009a
14018,올리브유,N0170000009a
14021,유채씨기름,N0180000009a
14023,참기름,N0200000009a
14024,"커피크리머, 가루",M0120000005a
14027,코코넛유,N0210000009a
14028,콩기름,N0220000009a
14029,팜유,N0230000009a
14030,해바라기유,N0240000009a
14031,혼합식물성유,N0250000009a
14041,고추기름,N0270000009a
14044,아보카도유,N0320000009a
14046,포도씨유,N0260000009a
15002,레모네이드,P0030000009a
15005,매실 음료,P0040000009a
15008,"셰이크, 딸기맛",P0050001389a
15009,"셰이크, 바닐라맛",P0050001399a
15010,"셰이크, 초콜릿맛",P0050001409a
15011,"식혜, 캔",P006000000Qa
15012,"이온 음료, 레몬향",P0080002379a
15014,"탄산 음료, 레몬소다",P0090020009a
15015,"탄산 음료, 오렌지소다",P0090050009a
15017,"탄산 음료, 파인애플소다",P0090110009a
15018,"탄산 음료, 포도소다",P0090120009a
15019,"탄산 음료, 사이다",P0090030009a
15020,"탄산 음료, 소다수",P0090040009a
15022,"탄산 음료, 콜라",P0090090009a
15023,"탄산 음료, 저칼로리콜라",P0090060009a
15025,토닉워터,P0100000009a
15029,"막걸리, 알코올 6%",Q0040001689a
15030,매실주,Q0050000009a
15031,"맥주, 알코올 4.5%",Q0060001629a
15034,"맥주, 흑맥주, 알코올 4.2%",Q0060031619a
15035,"보드카, 알코올 40%",Q0070001639a
15038,"샴페인, 알코올 6%",Q0090001689a
15039,"소주, 알코올 25%",Q0100001719a
15042,"위스키, 알코올 40%",Q0120001639a
15046,"청주, 알코올 16%",Q0140001759a
15047,"칵테일, 다이키리",Q0150010009a
15048,"칵테일, 테킬라썬라이즈",Q0150020009a
15059,"포도주, 백포도주, 알코올 12%",Q0160021849a
15060,"포도주, 적포도주, 알코올 12%",Q0160031849a
15064,"구기자차, 말린것",O0040000001a
15065,"녹차, 가루",O0070000005a
15066,녹차,O007000000Na
15067,도라지차,O011000000Na
15070,보리차,O014000000Na
15072,"생강차, 가루",O0170000005a
15073,"쌍화차, 가루",O0180000005a
15076,우롱차,O022000000Na
15079,"율무차, 가루",O0240000005a
15081,"인삼차, 과립차, 가루",O0250001545a
15084,"커피, 커피가루, 인스턴트",O0270021585a
15085,"커피, 커피가루, 디카페인",O0270021565a
15087,"커피, 아메리카노(2샷)",O027001158Pa
15088,"커피, 캔",O027002155Qa
15089,"코코아, 밀크코코아, 가루",O0290010005a
15093,"녹차, 현미",O007003000Na
15095,"홍삼차, 가루",O0310000005a
15097,홍차,O032000000Na
15099,"홍차, 레몬",O032001000Na
15100,"커피, 원두",O027000157Na
15110,야콘차,O020000000Na
15111,대추차,O010000000Na
15119,둥굴레차,O013000000Na
15121,쌀 음료,P0070000009a
15122,"커피, 커피가루, 설탕, 크림, 인스턴트",O0270021555a
15124,칡즙,B0190000009a
15125,알로에 음료,F2160000009a
15126,망고 음료,H108000E019a
15132,보이차,O0340000009a
15133,"유자차, 고형물 포함",O023000235Pa
15134,카모마일차,O036000000Na
15135,"커피, 에스프레소",O027001157Pa
15136,헛개 음료,O0330000009a
15137,"홍차, 복숭아, 캔",O032002000Qa
15141,"혼합 음료, 비타민C 함유",P0120002469a
15144,"탄산 음료, 요구르트소다",P0090140009a
15145,"고량주, 알코올 50%",Q0170001649a
15146,"복분자주, 알코올 15%",Q0180002479a
15147,"소주, 알코올 17.8%",Q0100002389a
15149,"포도주, 적포도주, 알코올 13%",Q0160031729a
15150,"상황버섯, 추출",G012000000Na
15152,"녹차라떼, 가루",O0070040005a
15153,"커피, 커피가루, 설탕, 인스턴트",O0270022625a
15155,생강청,O017000000Ha
15156,"코코아, 가루",O0290000005a
15157,홍삼 음료,O0310010009a
15158,"홍차, 복숭아, 가루",O0320020005a
16002,"간장, 재래",R0010030009a
16003,"간장, 개량, 양조",R0010010009a
16004,"겨자, 가루",R0520000005a
16005,겨자 페이스트,R0500000009a
16006,"계피, 가루",R0030000005a
16007,"고추냉이, 가루",R0510000005a
16008,"고추냉이, 페이스트",R0510010009a
16009,고춧가루,R0070000005a
16010,"고추장, 개량",R0050010009a
16012,초고추장,R0060000009a
16013,굴 소스,R0080000009a
16014,"깨소금, 가루, 볶은것",R0090000005n
16015,낫토,R0100000009a
16016,포크커틀릿 소스,R0110000009a
16018,"된장, 개량",R0120020009a
16020,미소,R0120030009a
16021,"된장, 재래",R0120040009a
16022,라면 스프,R0130000009a
16023,"마늘, 가루",R0530000005a
16024,마늘 페이스트,R0140010009a
16025,마요네즈,R0150020009a
16027,맛술,R0160000009a
16029,"조미료, 멸치맛, 가루",R0310001895a
16030,"조미료, 쇠고기맛, 가루",R0310001905a
16031,"산초, 가루",R0170000005a
16032,"샐러드 드레싱, 사우전드아일랜드",R0180020009a
16033,"샐러드 드레싱, 이탈리안",R0180040009a
16034,"샐러드 드레싱, 프렌치",R0180050009a
16035,"생강, 가루",R0550000005a
16037,"소금, 굵은소금",R0200001859a
16038,소금,R0200000009a
16039,"소금, 가공염, 죽염",R0200011869a
16041,"식초, 감식초",R0220010009a
16043,"식초, 사과식초",R0220030009a
16044,"식초, 포도식초",R0220070009a
16047,"식초, 양조",R0220060009a
16048,"식초, 현미식초",R0220080009a
16049,쌈장,R0230000009a
16050,"양파, 가루",R0560000005a
16052,"올스파이스, 가루",R0250000005a
16053,우스터 소스,R0260000009a
16054,"육두구, 가루",R0270000009a
16056,"정향, 가루",R0290000005a
16059,청국장,R0320000009a
16060,"청국장, 가루",R0320000005a
16061,"칠리, 가루",R0330000005a
16062,"카레 소스, 가루",R0340000005a
16064,"타임, 가루",R0360000005a
16066,토마토 소스,R0380000009a
16067,토마토 케첩,R0380010009a
16068,"파슬리, 말린것",R0570000001a
16070,핫 소스,R0400000009a
16071,"후추, 검은색, 가루",R0410010005a
16072,"후추, 흰색, 가루",R0410020005a
16082,"소금, 천일염",R0200030009a
16083,"소금, 천일염, 소금꽃",R0200031879a
16088,소불고기 양념,R0040010009a
16089,데리야끼 소스,R0640000009a
16090,"된장, 개량, 찌개용",R0120052419a
16092,바비큐 소스,R0630000009a
16093,"식초, 발사믹",R0220090009a
16096,"조미료, 액상",R0310010009a
16097,"짜장 소스, 가루",R0280000005a
16098,"짜장 소스, 레토르트",R028000000Wa
16099,"청국장, 찌개용",R0320002419a
16100,"짜장 소스, 춘장",R0580000009a
16101,칠리 소스,R0620000009a
16102,"라면, 국물, 조리후",S0830001929d
16103,"메밀 냉면 육수, 인스턴트",S0860001589a
16104,"라면, 용기라면, 국물, 조리후",S0850002239d
16105,"마요네즈, 저칼로리",R0150030009a
17002,"게맛살, 어육함량이 낮은것",K6030000009a
17004,"고기 소스, 통조림",R004000000Ra
17006,"미역국, 인스턴트, 조리전",S0280001581a
17008,"사골국, 인스턴트",S0340001589a
17012,마파두부,S0240000009a
17013,"만두, 고기 만두",S0260010009a
17014,"만두, 김치 만두",S0260030009a
17016,"미트볼, 냉동",S0290000007a
17017,"볶음밥, 새우 볶음밥",S0300020009a
17019,"새우 튀김용, 냉동",K6160000007a
17023,"스파게티, 미트소스 스파게티, 냉동",S0450010007a
17024,"스파게티 소스, 토마토, 병조림",R021000000Va
17026,"스프, 소고기 스프, 가루",S0460010005a
17029,"스프, 소고기, 채소 스프, 가루, 끓인것",S0460020005d
17030,"스프, 양송이 스프, 가루",S0460040005a
17031,"스프, 양송이 스프, 가루, 끓인것",S0460040005d
17036,"스프, 크림 스프, 가루",S0460070005a
17038,"스프, 크림 스프, 가루, 끓인것",S0460070005d
17063,"카레 소스, 레토르트",R034000000Wa
17064,"크로켓, 감자 크로켓, 냉동",S0710010007a
17068,"팥죽, 레토르트",S075000000Wa
17078,"핫도그, 냉동",S0780000007a
17079,"햄버거 스테이크, 냉동",
17091,갈비탕,S0010000009a
17095,곰탕,S0050000009a
17096,"튀김, 김말이튀김",S0730010009a
17102,김치찌개,S0070000009a
17106,내장탕,S0120000009a
17107,닭꼬치,I0120000009a
17113,도가니탕,S0160000009a
17114,"돈저냐(동그랑땡), 냉동",S0170000007a
17116,돼지고기 볶음,S0190000009a
17117,된장찌개,S0200000009a
17119,떡볶이,S0220000009a
17125,"만두, 군만두",S0260020009j
17127,"만두, 물만두",S0260040009a
17130,무말랭이 무침,F0720000009a
17137,"삼각김밥, 고추장 불고기",S0350010009a
17138,"삼각김밥, 숯불갈비",S0350020009a
17139,"삼각김밥, 참치 마요네즈",S0350030009a
17140,삼계탕,S0360000009a
17143,소고기육개장,S0400000009a
17144,소머리국,S0410000009a
17146,순대국,S0420000009a
17150,"장어, 양념, 구운것",K1530001279f
17151,어묵국,K8020000009a
17152,연근 조림,F1420000009a
17153,연잎밥,S0490000009a
17155,오징어채 볶음,K6280000009n
17156,오징어 튀김,K6240000009j
17159,"초밥, 유부 초밥",S0650030009a
17160,육회,S0530000009a
17161,"멸치 볶음, 잔멸치볶음",K0670020009a
17164,게살죽,S0020000009d
17166,소고기버섯죽,S0390000009d
17167,전복죽,S0560000009d
17169,호박죽,S0840000009d
17174,"튀김, 채소튀김",S0730020009a
17178,추어탕,S0660000009a
17181,콩나물해장국,S0700000009a
17186,"순대, 선지 비율 낮은것",I0220010009e
17189,"게맛살, 어육함량이 높은것",K6030010009a
18011,"누에, 번데기, 말린것",T0110000001a
18012,"누에, 번데기, 통조림",T011000000Ra
18013,"뽕잎, 가루",R0670000005a
18024,"송화, 가루",T0160000005a
18031,"인삼, 수삼, 생것",T0210020000a
18032,"인삼, 백삼, 말린것",T0210010001a
18033,"인삼, 홍삼, 말린것",T0210030001a
18034,"인삼, 홍삼, 추출",T021003000Na
18037,"팽창제, 베이킹파우더",T0250010009a
18039,프로폴리스,T0260000009a
18043,"팽창제, 효모, 말린것",T0250030001a
18044,"로즈마리, 말린것",R0460000001a
18049,"오레가노, 말린것",R0610000001a
18054,"단백질 보충제, 가루",T0300000005a
20002,"시리얼,아몬드푸레이크(농심켈로그)",
20007,"시리얼,콘푸레이크(농심켈로그)",
20008,"시리얼,콘푸로스트(농심켈로그)",
20010,"시리얼,하니첵스(농심켈로그)",
20011,"시리얼,현미푸레이크(농심켈로그)",
20012,"시리얼,후르트링(농심켈로그)",
20015,"시리얼,포스트아몬드후레이크(동서식품㈜)",
20016,"시리얼,포스트코코볼(동서식품㈜)",
20019,"시리얼,포스트현미후레이크(동서식품㈜)",
21018,"두부,순두부(풀무원)",
21022,"두부,연두부(풀무원)",
22056,"다랑어/참치(통조림),고추참치(동원F&B)",
22069,"다랑어/참치(통조림),라이트스탠다드참치(동원F&B)",
22070,"다랑어/참치(통조림),마일드참치(동원F&B)",
22108,"다랑어/참치(통조림),야채참치(동원F&B)",
22154,"어육소시지,소시지,천하장사(진주햄)",
22278,"다랑어/참치(통조림),동원살코기참치(삼진물산)",
23002,"사과,넥타,과수원사과(남양유업)",
23017,"요구르트(액상),요구르트(남양유업)",
23024,"우유,남양우유(남양유업)",
23032,"요구르트(액상),불가리스(사과)(남양유업)",
23034,"우유,아인슈타인(남양유업)",
23036,"요구르트(액상),E-5(남양유업)",
23037,"아이스밀크,더블비안코(롯데제과)",
23040,"아이스크림,월드콘(롯데제과)",
23042,"아이스크림,조안나(롯데제과)",
23050,"요구르트(액상),요구르트(매일유업)",
23059,"우유,매일우유(매일유업)",
23060,"요구르트(액상),비피더스요구르트(딸기)(매일유업)",
23061,"요구르트(액상),비피더스요구르트(사과)(매일유업)",
23080,"우유,연세우유(연세유업)",
23081,"우유,자녀사랑끼짱우유(연세유업)",
23088,"우유,바나나맛우유(빙그레)",
23094,"요구르트(호상),요플레(딸기)(빙그레)",
23096,"요구르트(호상),요플레(클래식)(빙그레)",
23098,"요구르트(액상),욥닥터캡슐(빙그레)",
23105,"요구르트(액상),메치니코프(사과)(한국야쿠르트)",
23109,"요구르트(호상),슈퍼100(딸기)(한국야쿠르트)",
23110,"요구르트(호상),슈퍼100(복숭아)(한국야쿠르트)",
23114,"요구르트(액상),야쿠르트(한국야쿠르트)",
23137,"우유,후레쉬우유(파스퇴르유업)",
23161,"요구르트(액상),쾌변요구르트(사과)(파스퇴르유업)",
23168,"우유,딸기우유(서울우유)",
23170,"우유,앙팡우유(서울우유)",
23172,"우유,서울우유(서울우유)",
23173,"우유,저지방우유(서울우유)",
23174,"우유,쵸코멸균우유(서울우유)",
23175,"우유,쵸코우유(서울우유)",
23177,"우유,커피우유(서울우유)",
23190,"치즈,체다슬라이스치즈(서울우유)",
24001,"커피프림,프리마(동서식품)",
24007,"버터,서울우유버터(서울우유)",
25024,"간장,양조간장501S(샘표식품)",
25025,"간장,양조간장701(샘표식품)",
25027,"간장,진간장금F3(샘표식품)",
25028,"간장,진간장S(샘표식품)",
25076,"참기름,신동방참기름(해표)",
25084,"콩기름,신동방콩기름(해표)",
26001,"과자,고래밥-매콤(오리온)",
26002,"과자,고래밥-볶음양념(오리온)",
26005,"과자,다이제(오리온)",
26006,"과자,다이제(초코)(오리온)",
26009,"젤리,마이구미(포도)(오리온)",
26012,"과자,미쯔블랙(오리온)",
26016,"과자,베베(오리온)",
26020,"젤리,왕꿈틀이(오리온)",
26025,"과자,초코송이(오리온)",
26027,"과자,초코칩쿠키(오리온)",
26028,"밀,밀가공식품,빵/과자류,초코파이(오리온)",
26029,"과자,촉촉한초코칩(오리온)",
26030,"카라멜,땅콩(오리온)",
26035,"초콜릿,투유-마일드(오리온)",
26039,"카스테라,후레시베리(오리온)",
26040,"초콜릿,가나(롯데제과)",
26042,"과자,꼬깔콘(고소)(롯데제과)",
26043,"아이스밀크,누크바(롯데제과)",
26044,"과자,마가렛트(롯데제과)",
26045,"사탕,목캔디(롯데제과)",
26046,"밀,밀가공식품,빵/과자류,초코파이,몽쉘통통(롯데)",
26048,"과자,빠다코코낫(롯데제과)",
26049,"과자,빼빼로(롯데제과)",
26053,"껌,자일리톨껌(롯데제과)",
26055,"사탕,스카치세가지맛(롯데제과)",
26056,"빙과,스크류바(롯데제과)",
26058,"과자,아몬드빼빼로(롯데제과)",
26059,"초콜릿,아몬드초콜릿(롯데제과)",
26061,"과자,애플쨈(롯데제과)",
26062,"과자,엄마손파이(롯데제과)",
26067,"과자,제크(롯데제과)",
26073,"밀,밀가공식품,빵/과자류,초코파이(롯데)",
26074,"과자,칙촉(롯데제과)",
26075,"카스테라,카스타드(롯데)",
26077,"초콜릿,크런키(롯데제과)",
26080,"과자,하비스트(롯데제과)",
26086,"과자,뻥이요(서울식품공업)",
26114,"과자,땅콩강정(오리온프리토레이)",
26121,"과자,오징어땅콩(오리온프리토레이)",
26122,"과자,치토스-매콤(오리온프리토레이)",
26123,"과자,치토스-바비큐(오리온프리토레이)",
26125,"과자,포카칩-소금맛(오리온프리토레이)",
26126,"과자,포카칩-양파맛(오리온프리토레이)",
26128,"과자,바나나킥(농심)",
26131,"과자,오징어집(농심)",
26132,"과자,올리고고구마깡(농심)",
26133,"과자,칼슘양파링(농심)",
26134,"과자,콘드로이친감자깡(농심)",
26135,"과자,키토산자갈치(농심)",
26137,"과자,꽃게랑(빙그레)",
26140,"과자,야채타임(빙그레)",
26150,"과자,맛동산(해태제과)",
26152,"과자,샤브레(해태제과)",
26157,"과자,에이스(해태제과)",
26158,"밀,밀가공식품,빵/과자류,초코파이,오예스(해태)",
26161,"사탕,자두캔디(해태제과)",
26166,"과자,홈런볼(쵸코)(해태제과)",
27007,"커피음료,프렌치카페카푸치노(남양유업)",
27013,"커피믹스,맥스웰커피믹스(동서식품)",
27014,"커피믹스,맥스웰하우스커피믹스(동서식품)",
27016,"커피,분말,맥심(동서식품)",
27017,"커피믹스,맥심디카페인커피믹스(동서식품)",
27018,"커피믹스,맥심모카골드커피믹스(동서식품)",
27019,"커피믹스,맥심커피믹스(동서식품)",
27055,"두유,고소한베지밀(정식품)",
27062,"두유,베지밀에이(팩)(정식품)",
27063,"두유,베지밀비(팩)(정식품)",
27067,"커피,분말,네스카페클래식(한국네슬레)",
27070,"코코아,네스퀵쵸콜릿맛(한국네슬레)",
27071,"홍차음료,분말,네스티(한국네슬레)",
27073,"커피,분말,테이스터스쵸이스(한국네슬레)",
27075,"커피믹스,테이스터스쵸이스커피믹스(한국네슬레)",
27079,"과일탄산음료,쿨피스(복숭아맛)(해태유업)",
27095,"오렌지,주스,아침에주스오렌지(서울우유)",
28010,"아몬드,칼몬드(우성식품)",
29012,"꿀,아카시아꿀(동서식품)",
29086,"인스턴트국,북어국(오뚜기)",
29089,"스프,가루,인스턴트,야채스프(오뚜기)",
29091,"곰탕/사골국물,옛날사골곰탕(오뚜기)",
29092,"카레분말,카레(오뚜기)",
29093,"스프,가루,인스턴트,옥수수수프(오뚜기)",
29096,"스프,가루,인스턴트,크림스프(오뚜기)",
29098,"하이라이스분말,하이라이스소스(오뚜기)",
29116,"밥,햇반(CJ)",
29146,"만두,참고향만두(해태)",
40031,"감자튀김,후렌치후라이(R)(버거킹)",
40035,"양파튀김,어니언링(R)(버거킹)",
40130,"감자튀김,포테이토(롯데리아)",
40147,"감자튀김,후렌치후라이(R)(McDonald's)",
40150,"닭고기튀김,맥너겟6조각(McDonald's)",
40244,"햄버거/샌드위치,소시지(Subway)",
50006,"과자,고소미(오리온)",
50009,"과자,국희땅콩샌드(크라운제과)",
50010,"만두,군만두(CJ)",
50011,"과자,그레이스(크라운제과)",
50015,"빵,꿀호떡(샤니)",
50025,"과자,닭다리(농심)",
50029,"과자,땅콩크래커(해태제과)",
50061,"과자,라면땅",
50062,"과자,롯데샌드오리지날(롯데제과)",
50064,"과자,롤리폴리(해태제과)",
50075,"밀,밀가공식품,밀가루,백설밀가루(CJ)",
50085,"과자,버터링(해태제과)",
50086,"과자,버터와플(크라운제과)",
50092,"밀,밀가공식품,빵/과자류,초코파이,빅파이(크라운제과)",
50093,"과자,빈츠(롯데제과)",
50096,"과자,뽀또(크라운제과)",
50097,"과자,뿌셔뿌셔(오뚜기)",
50098,"과자,사또밥(삼양식품)",
50110,"빵,소보로빵(파리바게뜨)",
50117,"과자,쌀로별(기린)",
50118,"과자,쌀새우깡(농심)",
50119,"과자,씨리얼(롯데제과)",
50120,"과자,아이비(해태제과)",
50121,"과자,알새우칩(농심)",
50122,"과자,야채크래커V6(롯데제과)",
50125,"과자,예감(농심)",
50127,"국수(마른것),옛날국수(오뚜기)",
50128,"과자,오감자(오리온)",
50130,"밀,밀가공식품,빵/과자류,초코파이,오뜨(오리온)",
50133,"과자,오징어땅콩볼(롯데제과)",
50134,"옥수수통조림,옥수수콘,스위트콘(대상)",
50145,"과자,죠리퐁(크라운제과)",
50148,"과자,짱구(삼양식품)",
50151,"과자,쫄병스낵(농심)",
50153,"밀,밀가공식품,빵/과자류,초코파이,찰떡파이(롯데제과)",
50156,"과자,참깨스틱",
50157,"과자,참크래커(크라운제과)",
50165,"과자,초코하임(크라운제과)",
50167,"과자,치즈샌드(크라운제과)",
50170,"과자,칸쵸(롯데제과)",
50175,"과자,콘칩(크라운제과)",
50191,"과자,포스틱(농심)",
50199,"빵,호두과자",
50201,"과자,후렌치파이,사과(해태제과)",
50210,"감자스낵,칩포테토(농심)",
50211,"감자스낵,프링글스오리지널(P&G)",
50213,"사탕,고려홍삼제리",
50220,"물엿/시럽,백설물엿(CJ)",
50236,"사탕,청포도맛사탕(롯데제과)",
50237,"사탕,츄파춥스",
50243,"설탕,백설탕(큐원)(삼양사)",
50244,"설탕,백설탕(CJ)",
50248,"설탕,황설탕(큐원)(삼양사)",
50251,"설탕,황설탕(CJ)",
50253,"젤리,양갱,연양갱(해태제과)",
50256,"물엿/시럽,백설올리고당(CJ)",
50257,"물엿/시럽,청정원올리고당(대상)",
50261,"초코바,스니커즈(Mars Foods)",
50266,"초콜릿,페레로로쉐(페레로로쉐)",
50267,"초콜릿,ABC초콜릿(롯데제과)",
50268,"카라멜,마이쮸(크라운제과)",
50270,"카라멜,새콤달콤(크라운제과)",
50279,"두유,검은콩두유(삼육식품)",
50282,"두유,삼육두유(삼육식품)",
50299,"김치,배추김치,종가집배추김치(종가집)",
50316,"망고,주스,델몬트망고주스(롯데칠성음료)",
50317,"오렌지,주스,델몬트오렌지주스(롯데칠성음료)",
50318,"오렌지,주스,델몬트콜드오렌지주스(롯데칠성음료)",
50320,"포도,주스,델몬트포도주스(롯데칠성음료)",
50321,"딸기,잼,복음자리딸기잼(복음자리)",
50322,"딸기,잼,오뚜기딸기잼(오뚜기)",
50327,"오렌지,주스,미닛메이드오리지널오렌지100(한국코카콜라보틀링)",
50329,"석류,주스,석류원액",
50344,"과일음료/과즙음료,오렌지에이드",
50354,"귤,과일주스,제주감귤(롯데칠성음료)",
50373,돼지껍데기,
50377,"완자,떡갈비",
50391,"돼지고기가공품,런천미트,스팸(CJ)",
50395,"닭고기가공품(냉동품),용가리치킨(하림)",
50397,"어육소시지,키스틱(롯데햄우유)",
50416,"어패류액젓,멸치액젓(하선정종합식품)",
50434,"어패류액젓,참치액젓(한라)",
50438,"게맛살,크래미(한성기업)",
50453,"김,김가루",
50457,"김,김자반",
50477,"김,양반올리브유로구운김(동원F&B)",
50507,"아이스밀크,거북이(롯데삼강)",
50509,"아이스크림,구구콘(롯데삼강)",
50512,"아이스크림,나뚜루(롯데)",
50513,"아이스크림,누가바(해태제과)",
50514,"빙과,더위사냥(빙그레)",
50515,"샤베트,돼지바(롯데삼강)",
50519,"빙과/샤베트,델몬트망고(롯데삼강)",
50520,"아이스밀크,메가톤바(롯데제과)",
50521,"아이스밀크,메로나(빙그레)",
50523,"빙과,바밤바(해태제과)",
50526,"아이스크림,부라보콘(해태제과)",
50527,"아이스밀크,붕어싸만코(빙그레)",
50533,"샤베트,비비빅(빙그레)",
50534,"샤베트,빠삐코(롯데삼강)",
50535,"아이스밀크,빵또아(빙그레)",
50536,"아이스밀크,빵빠레(롯데삼강)",
50537,"샤베트,뽕따(빙그레)",
50543,"아이스밀크,쌍쌍바(해태제과)",
50545,"아이스크림,엑설런트(빙그레)",
50546,"아이스밀크,엔초(빙그레)",
50548,"아이스밀크,옥동자(롯데제과)",
50549,"아이스밀크,와일드바디(롯데제과)",
50551,"샤베트,요맘때(빙그레)",
50555,"빙과,죠스바(롯데제과)",
50556,"아이스밀크,찰떡아이스(롯데제과)",
50557,"아이스크림,체리마루(해태제과)",
50562,"샤베트,캔디바(빙그레)",
50563,"아이스밀크,쿠앤크(빙그레)",
50564,"빙과,탱크보이(해태제과)",
50565,"아이스크림,투게더(빙그레)",
50566,"빙과,파워캡(빙그레)",
50568,"빙과,폴라포,포도맛(해태제과)",
50569,"아이스크림,호두마루(해태제과)",
50578,"요구르트(액상),앙팡(서울우유)",
50579,"요구르트(액상),야구르트(빙그레)",
50583,"요구르트(액상),엔요(매일유업)",
50585,"요구르트(액상),요구르트(비락)",
50586,"요구르트(액상),요구르트(서울우유)",
50590,"요구르트(액상),윌(한국야쿠르트)",
50593,"요구르트(액상),쾌변요구르트(파스퇴르유업)",
50594,"요구르트(액상),쿠퍼스(한국야쿠르트)",
50598,"요구르트(액상),런(시온식품)",
50602,"요구르트(호상),바이오거트(매일유업)",
50604,"요구르트(호상),비요뜨(서울우유)",
50608,"요구르트(호상),짜요짜요(서울우유)",
50613,"우유,부산우유(부산우유)",
50614,"우유,비락우유(비락)",
50616,"우유,제주우유(제주우유)",
50618,"우유,건국우유(건국우유)",
50625,"우유,검은콩우유(연세유업)",
50629,"우유,고구마우유",
50637,"우유,굿모닝우유(빙그레)",
50647,"우유,맛있는우유GT(남양유업)",
50650,"우유,매일저지방우유ESL(매일유업)",
50675,"우유,축협우유(축협)",
50690,"치즈,뼈로가는칼슘치즈(매일유업)",
50694,"치즈,치즈스틱",
50702,"콩기름,백설식용유(CJ)",
50703,"올리브유,백설압착올리브유(CJ)",
50704,"옥수수기름,백설옥수수유(CJ)",
50705,"참기름,백설진한참기름(CJ)",
50709,"참기름,고소한참기름(오뚜기)",
50711,"콩기름,오뚜기식용유(오뚜기)",
50744,"기능성음료,꿀물(캔)",
50765,"음료류,탄산음료,과일탄산음료,데미소다(동아오츠카)",
50768,뽕잎차,
50771,"사이다,마운틴듀(롯데칠성음료)",
50783,"맥주,버드와이저(OB맥주)",
50784,"맥주,카스맥주(OB맥주)",
50785,"맥주,카프리(OB맥주)",
50787,"맥주,하이트맥주(하이트맥주㈜)",
50790,"탄산음료,맥콜(일화)",
50794,"코코아,미떼핫초코(동서식품)",
50796,"기능성음료,미에로화이바",
50797,"탄산음료,밀키스(롯데칠성음료)",
50799,백세주(국순당),
50803,"홍차음료,복숭아홍차(담터)",
50804,"식혜,비락식혜(비락)",
50805,"기능성음료,비타500",
50807,"기능성음료,비타민음료",
50810,"소주,레몬소주",
50816,"소주,시원소주(대선주조)",
50818,"소주,잎새주(보해양조)",
50819,"소주,참소주(금복주)",
50820,"소주,참이슬(진로)",
50821,"소주,하이트소주(하이트주조)",
50822,"소주,한라산(한라산)",
50824,"과일음료/과즙음료,솔의눈(롯데칠성음료)",
50825,수정과,
50827,"사이다,스프라이트(한국코카콜라보틀링)",
50836,아침햇살(웅진식품),
50843,"탄산음료,암바사(한국코카콜라보틀링)",
50845,"과일탄산음료,오란씨(동아오츠카)",
50848,"과일탄산음료,웰치스(농심)",
50852,"기능성음료,이온음료,2%부족할때(롯데칠성음료)",
50854,"기능성음료,이온음료,게토레이(롯데칠성음료)",
50856,"기능성음료,이온음료,파워에이드(한국코카콜라보틀링)",
50857,"기능성음료,이온음료,포카리스웨트(동아오츠카)",
50858,인삼주,
50861,"코코아,제티(동서식품)",
50864,"사이다,천연사이다(일화)",
50865,"과일음료/과즙음료,초록매실(웅진식품)",
50867,"사이다,칠성사이다(롯데칠성음료)",
50869,"과일음료/과즙음료,카프리썬(농심)",
50871,"커피음료,레쓰비",
50875,"커피음료,마일드카페라테(매일유업)",
50876,"커피,분말,맥심모카골드(동서식품)",
50884,"콜라,코카콜라(한국코카콜라보틀링)",
50885,"과일음료/과즙음료,코코팜(해태음료)",
50889,"과일탄산음료,쿨피스(자두맛)",
50891,"사이다,킨사이다(한국코카콜라보틀링)",
50893,"콜라,펩시콜라(롯데칠성음료)",
50896,"과일음료/과즙음료,피크닉,애플(매일유업)",
50900,"우유,허쉬초콜렛드링크(매일유업)",
50906,"과일탄산음료,환타(한국코카콜라보틀링)",
50913,"카레소스,3분카레(오뚜기)",
50914,"간장,청정원햇살담은진간장(대상)",
50922,"간장,몽고간장(몽고식품)",
50923,"간장,몽고송표간장(몽고식품)",
50931,"간장,오복진간장(오복식품)",
50937,"간장,청정원햇살담은조림간장(대상)",
50938,"간장,조림간장(샘표식품)",
50953,"조미소,감칠맛나는미원(대상)",
50961,"고추장,새콤달콤초고추장(해찬들)",
50964,"고추장,순창태양초찰고추장(대상)",
50983,"육수,냉면육수",
50989,"된장,재래식된장(해찬들)",
50991,"마요네즈,고소한마요네즈(대상)",
50992,"마요네즈,오뚜기마요네즈(오뚜기)",
50995,"조미소,미원(대상)",
51000,"분말조미료,멸치다시다(CJ)",
51003,"분말조미료,쇠고기다시다(CJ)",
51004,"분말조미료,조개다시다(CJ)",
51023,"소금,맛소금(대상)",
51035,"후추,순후추(오뚜기)",
51046,"식초,사과식초(오뚜기)",
51053,"쌈장,고기전용쌈장(해찬들)",
51054,"쌈장,사계절쌈장(해찬들)",
51055,"쌈장,청정원순창쌈장(대상)",
51062,"토마토케첩,오뚜기케찹(오뚜기)",
51067,"분말조미료,해물감치미(대상)",
51068,"과자,계란과자(해태제과)",
51070,"파이,고구마파이",
51078,"빵,보름달(샤니)",
51085,"찹쌀미숫가루,선식,생식,황성주생식(erom)",
51131,"파인애플,델몬트파인애플통조림(롯데칠성음료)",
51132,"딸기,잼,대상딸기잼(대상)",
51162,"아이스크림,체리쥬빌레(베스킨라빈스31)",
51167,"샤베트,와(롯데제과)",
51180,"샤베트,팥빙수(롯데삼강)",
51204,"기능성음료,컨피던스(동아오츠카)",
51217,"맛술/미림,미향(오뚜기)",
51220,"후추,순후추(대상)",
51226,"샐러드드레싱,파인애플드레싱",
51236,"빵,꿀호떡(기린)",
51237,"빵,델리만쥬",
51242,"빵,식빵,밤식빵",
51248,"과자,소라깡",
51255,"과자,오사쯔(해태제과)",
51257,"빵,식빵,우유식빵(파리바게뜨)",
51268,"초코바,미니트윅스(MrFoodKorea)",
51285,"석류,주스,석류음료",
51297,"어패류액젓,참치액젓",
51307,"요구르트(호상),요플레(마일드플레인)(빙그레)",
51314,"빙과/샤베트,빙빙바(롯데제과)",
51325,"요구르트(액상),요쿠르트(농협)",
51351,모과차,
51368,"된장,막장",
51374,"식초,양조식초(오뚜기)",
52100,"고카페인음료,에너지드링크",
61068,"양념장,고추다대기",
61130,"맛술/미림,롯데미림(롯데칠성음료)",
61139,"과자,로투스씽글팩(한국로투스㈜)",
61143,"과자,스낵과자,누드빼빼로(롯데제과)",
61168,"카스테라,카스테라(파리바게뜨)",
61173,"사탕,아이셔(오리온)",
61179,"토마토,주스,하루야채(한국야쿠르트)",
61185,"닭고기튀김,치킨너겟(하림)",
61190,사조꽁치(사조식품),
61195,"빙과,아맛나(롯데삼강)",
61197,"아이스밀크,서주아이스주(서주)",
61218,포도씨유(CJ),
61223,"맥주,스타우트(하이트맥주㈜)",
61224,"맥주,하이네켄(하이네켄)",
61238,"간장,청정원소불고기양념(대상)",
61258,"짜장분말,오뚜기분말짜장(오뚜기)",
61261,"토마토케첩,하인즈토마토케첩(하인즈)",
61262,"인스턴트국,백설육개장(CJ)",
81008,"가루믹스,핫케이크가루(오뚜기)",
81029,"과자,구워만든곡물그대로21((주)개미식품)",
81031,"과자,꼬깔콘 군옥수수맛(롯데)",
81033,"과자,꿀꽈배기(농심)",
81039,"과자,도도한나초(오리온)",
81040,"과자,도리토스 나쵸치즈맛(롯데제과)",
81048,"과자,매운새우깡(농심)",
81054,"과자,뿌셔뿌셔 불고기맛(오뚜기)",
81055,"과자,뿌셔뿌셔 양념치킨맛(오뚜기)",
81056,"과자,새우깡(농심)",
81059,"과자,스윙칩 오리지날(오리온프리토레이)",
81062,"과자,썬칩 오리지널(오리온)",
81063,"과자,썬칩 핫스파이시(오리온)",
81065,"과자,양파깡(농심)",
81068,"과자,옥수수브이콘(진한제과)",
81071,"과자,왕고래밥(오리온)",
81074,"과자,인디안밥(농심)",
81078,"과자,초코과자미쯔(오리온)",
81079,"과자,초코비(토하토)",
81081,"과자,치킨팝 닭강정맛(오리온)",
81082,"과자,카라멜콘메이플(크라운제과)",
81084,"과자,콘초코(크라운제과)",
81086,"과자,콘치(크라운제과)",
81087,"과자,콘칩(오리온)",
81088,"과자,콩과자(경화당제과)",
81099,"국수,구포국수 중면(구포국수)",
81121,"국수,옛날국수중면(오뚜기)",
81195,"만두,교자만두(오뚜기냉동식품㈜)",
81204,"만두,비비고 물만두(씨제이푸드㈜)",
81205,"만두,비비고 왕교자만두(씨제이푸드㈜)",
81222,"만주,밤만쥬(삼립식품)",
81245,"미숫가루,이롬황성주 생식플러스((주)이롬)",
81289,"빵,부쉬맨브레드(아웃백스테이크하우스)",
81295,"샌드과자,롯데샌드 깜뜨(롯데)",
81301,"샌드과자,크라운산도 딸기맛(크라운제과)",
81302,"샌드과자,키드오(필리핀 Modne Nissin Corp.)",
81326,"시리얼,켈로그 스페셜K(농심)",
81328,"시리얼,켈로그 오곡으로만든첵스초코(농심켈로그)",
81329,"시리얼,켈로그 첵스초코유에프오(농심)",
81330,"시리얼,켈로그 초코첵스(농심)",
81335,"시리얼,켈로그 후르트링(농심)",
81336,"시리얼,퀘이커오츠(The Quaker Oats Com)",
81341,"시리얼,포스트 그래놀라(동서식품)",
81342,"시리얼,포스트 그래놀라블루베리(동서식품)",
81343,"시리얼,포스트 그래놀라크랜베리아몬드(동서식품)",
81351,"시리얼,포스트 오곡코코볼(동서식품)",
81353,"시리얼,포스트 오레오오즈(동서식품)",
81354,"시리얼,포스트 콘푸라이트(동서식품)",
81355,"시리얼,포스트 콘푸라이트1/3슈거라이트(동서식품)",
81356,"시리얼,포스트 콘푸로스트(동서식품)",
81384,"쌀과자,미왕 쌀과자(우리씨앤디(주))",
81390,"쌀과자,참쌀선과(크라운제과)",
81393,"쌀과자,크라운 참쌀설병(크라운)",
81428,"웨하스,네스킥 초코웨하스(네슬레)",
81429,"웨하스,로아커(Loacker) Minis 바닐라맛(로아커)",
81433,"웨하스,쿠크다스 화이트(크라운제과)",
81434,"웨하스,쿠크다스커피슬림(크라운제과)",
81436,"웨하스,키커(크라운제과)",
81437,"웨하스,화이트하임(크라운제과)",
81473,"죽,양반 야채죽(동원F&B)",
81487,"초코파이,몽쉘 카카오케이크(롯데제과)",
81511,"쿠키,딸기쿠키(롯데)",
81516,"쿠키,미니참깨스틱(청우)",
81517,"쿠키,빼빼로 화이트쿠키(롯데제과)",
81525,"쿠키,오레오 초콜렛샌드위치화이트쿠키(미가방유한회사)",
81526,"쿠키,오레오 초콜릿샌드위치쿠키(미가방유한회사)",
81527,"쿠키,옹골진 오곡쿠키(크라운제과)",
81531,"쿠키,초코픽(해태)",
81534,"쿠키,포키 오리지날(해태)",
81535,"쿠키,포키 초코(해태)",
81539,"크래커,하비스트 고소한맛(롯데제과)",
81556,"팥빵,쫀득쫀득참붕어빵(오리온)",
81558,"호빵,삼립호빵 옛날단팥(삼립)",
81559,"호빵,피자호빵(삼립)",
82003,"감자칩,구운감자(해태제과)",
82004,"감자칩,눈을감자(오리온)",
82007,"감자칩,알감자칩(농심)",
82008,"감자칩,예감치즈그라탕(오리온)",
82010,"감자칩,포테이토칩 오리지널(농심)",
82011,"감자칩,프링글스 양파맛(한국프링글스)",
82013,"감자칩,허니버터칩(해태)",
83015,"과일잼,아웃백 망고스프레드(오뚜기)",
83049,"껌,왓따껌 콜라(롯데)",
83091,"물엿,백설 건강한쌀올리고당(씨제이푸드㈜)",
83092,"물엿,백설 건강한요리올리고당(씨제이푸드㈜)",
83166,"사탕,마요라코피코커피맛(MAYORA INDAH TBK)",
83181,"사탕,애니타임 레몬민트(롯데제과)",
83195,"사탕,츄파춥스 오렌지맛(농심)",
83206,"사탕,호올스 아이스블루(캐드베리)",
83208,"사탕,호올스 후레쉬 라임(Cadbury AdamsLtd)",
83209,"사탕,호올스(동서식품)",
83221,"설탕,마스코바도((주)에이피넷)",
83223,"설탕,백설 브라운자일로스설탕(씨제이푸드㈜)",
83259,"시리얼바,닥터유 에너지바(오리온)",
83287,"젤리,웰치스 후르츠스넥(웰치스)",
83289,"젤리,젤리스트로우(키즈웰(대만 TSANG LIN INDUSTRIES CORP))",
83291,"젤리,트롤리구미캔디사우어글로우웜즈(부강무역)",
83292,"젤리,하리보 골드베렌 (Haribo Gmbh & Co.KG)",
83297,"초코바,가나초코바아몬드(롯데)",
83300,"초코바,자유시간미니(해태제과(주))",
83303,"초코바,트윅스(Mr Food Korea)",
83305,"초코스프레드,뉴텔라 페레로(페레로(매일유업))",
83312,"초콜렛,드림카카오72%(롯데)",
83313,"초콜렛,롯데 56%드림카카오(롯데제과주식회사)",
83326,"초콜렛,엠앤엠(m&m)(중국 Mars Foods)",
83330,"우유,초코에몽(남양유업)",
83339,"초콜렛,킨더초콜렛(수입원:매일유업)",
83340,"초콜렛,킨더초콜렛맥시(매일유업)",
83341,"초콜렛,킷캣(KITKAT)(네슬레)",
83345,"초콜렛,토블론 밀크(스위스 KRAFT)",
83351,"초콜렛,허쉬너겟밀크초콜렛(허쉬코리아)",
83357,"초콜렛,허쉬키세스 크리미아몬드(허쉬코리아)",
83360,"카라멜,땅콩카라멜(크라운제과)",
83363,"카라멜,마이쮸 딸기맛(크라운제과)",
83364,"카라멜,마이쮸 사과맛(크라운제과)",
83365,"카라멜,마이쮸 포도맛(크라운제과)",
83366,"카라멜,멘토스(퍼페티반멜레)",
83373,"카라멜,유가(청우식품)",
84001,"나또,살아있는실의힘생나또(신선나또(주))",
84014,"두부,국산콩 찌개용두부(풀무원)",
84059,"두유,건국 비타민두유(건국유업)",
84064,"두유,검은콩두유(매일유업)",
84066,"두유,검은콩두유베지밀(정식품)",
84067,"두유,고소한검은콩&고칼슘두유(연세우유)",
84073,"두유,남양 맛있는두유GT 고칼슘검은콩깨두유(남양유업)",
84087,"두유,베지밀 검은콩과검은참깨두유(정식품)",
84088,"두유,베지밀 국산콩두유 검은콩(정식품)",
84103,"두유,삼육 검은콩칼슘두유(삼육식품)",
84106,"두유,삼육두유 검은콩참깨(삼육두유)",
84107,"두유,삼육두유 검은콩호두&아몬드(삼육식품)",
84108,"두유,삼육두유A(삼육식품)",
84112,"두유,연세 검은콩두유(연세우유)",
84113,"두유,연세 고칼슘두유(연세우유)",
84124,"두유,이롬황성주 국산콩두유(한미메디케어㈜)",
84125,"두유,이롬황성주 국산콩두유검은콩(한미메디커어㈜)",
84138,"두유,파스퇴르 쾌변두유 검은콩검은참깨(㈜롯데푸드)",
85045,"밤가공,맛밤(씨제이푸드㈜)",
85047,"캐슈넛,구운캐슈넛(동우농산)",
86015,"채소음료,미닛메이드 토마토주스(코카콜라음료(주))",
86031,"채소음료,하루야채 레드(한국야쿠르트)",
86032,"채소음료,하루야채 키즈뽀로로(한국야쿠르트)",
88013,"과일음료,델몬트 포도100(롯데칠성음료㈜)",
88014,"과일음료,델몬트 프리미엄 사과주스(롯데칠성음료㈜)",
88030,"과일음료,사과농장(가야농장)",
88044,"과일음료,아침에주스 100%사과(서울)",
88082,"바나나가공,골든사나 바나나칩(필리핀)",
89047,"돼지고기가공,로스팜(롯데)",
89049,"돼지고기가공,리챔 오리지널(동원F&B)",
89059,"돼지고기가공,목우촌 주부9단 불고기햄(농협목우촌)",
89060,"돼지고기가공,목우촌 주부9단 비엔나소세지(농협목우촌)",
89093,"돼지고기가공,의성마늘프랑크(롯데푸드)",
89131,"어육소시지,맥스봉(씨제이푸드㈜)",
91003,"건오징어,오징어숏다리(한양식품)",
91006,"게맛살,대림선크라비아(사조대림)",
91029,"생선과자,바삭바삭고소한꾸이맨(경진식품)",
91050,"액젓,청정원 남해안멸치골드액젓(㈜대상)",
91055,"액젓,하선정 까나리액젓(씨제이푸드㈜)",
91106,"참치통조림,사조 마일드참치((주)사조산업)",
91107,"참치통조림,사조 살코기참치(사조산업)",
92017,"김자반,지도표성경돌자반 (성경식품)",
92046,"조미김,광천재래김(조양식품)",
92113,"조미김,성경재래김(성경)",
92116,"조미김,소문난광천김(㈜광천김)",
92135,"조미김,양반 참기름김(동원)",
92138,"조미김,양반김 들기름향이그윽한김(동원F&B)",
92164,"조미김,지도표성경김(성경식품)",
93010,"아이스밀크,거북알(롯데삼강)",
93012,"빙과,더블더블(서주)",
93022,"빙과,젤루조아 제주감귤(해태제과)",
93025,"빙과,주물러 콜라(롯데)",
93033,"아이스밀크,설레임 밀크(롯데제과)",
93035,"아이스밀크,설레임 아라비카커피쉐이크(롯데제과)",
93039,"샤베트,까페오레(빙그레)",
93040,"아이스밀크,녹차마루(해태제과)",
93045,"아이스크림,셀렉션 딸기맛(롯데제과)",
93046,"빙과,수박바(롯데삼강)",
93053,"빙과,와삭바(롯데삼강)",
93061,"아이스밀크,초코퍼지(롯데삼강)",
93070,"아이스크림,구구크러스터(롯데삼강)",
93079,"아이스밀크,명가찰옥수수(롯데제과)",
93080,"아이스크림,민트초코(베스킨라빈스31)",
93082,"아이스밀크,바밤바아이스샌드(해태)",
93084,"샤베트,부라보콘 피스타치오(해태제과)",
93086,"아이스밀크,빵빠레 초코(롯데삼강)",
93089,"아이스크림,아몬드봉봉(베스킨라빈스31)",
93095,"아이스크림,요맘때콘 플레인(빙그레)",
93102,"아이스밀크,쿠키오(롯데삼강)",
93106,"아이스크림,티코 밀크초코(롯데)",
93111,"아이스크림,하겐다즈 바닐라(하겐다즈)",
93112,"아이스크림,하겐다즈 초코맛(하겐다즈)",
93115,"액상요구르트,뽀로로와친구들 요구르트(빙그레)",
93118,"액상요구르트,소와나무 새코미(동원데어리푸드)",
93125,"액상요구르트,유기농이오(남양유업)",
93129,"액상요구르트,한국야쿠르트 라이트((주)한국야쿠르트)",
93136,"요구르트,다논 마시는액티비아 사과맛(풀무원다논㈜)",
93142,"요구르트,다논 액티비아 사과(다논)",
93146,"요구르트,다논 액티비아 플레인(다논)",
93149,"요구르트,덴마크 드링킹요구르트 딸기(동원데어리푸드)",
93153,"요구르트,덴마크 드링킹요구르트 플레인(㈜동원데어리푸드)",
93159,"요구르트,불가리스 복숭아(남양유업)",
93162,"요구르트,비피더스 블루베리(푸르밀)",
93164,"요구르트,비피더스 포도맛(푸르밀)",
93167,"요구르트,비피더스명장 사과(㈜동원데어리푸드)",
93169,"요구르트,상하목장 유기요구르트 플레인(매일유업)",
93185,"우유,365 1등급서울우유(서울우유)",
93212,"우유,남양 맛있는우유GT 아인슈타인베이비(남양유업)",
93225,"우유,네스퀵초코우유(한국네슬레)",
93242,"우유,딸기맛우유(빙그레)",
93246,"우유,매일 멸균우유 오리지널(매일유업)",
93249,"우유,매일 저지방우유(매일유업)",
93254,"우유,매일우유 오리지널(매일우유)",
93257,"우유,멸균서울우유(서울우유)",
93266,"우유,바나나는원래하얗다(매일유업)",
93267,"우유,바나나맛우유 저지방(빙그레(주))",
93269,"우유,범산목장유기농우유(범산목장)",
93295,"우유,상하목장 유기농바나나우유(매일유업)",
93296,"우유,상하목장 유기농우유(매일유업)",
93297,"우유,상하목장 유기저지방우유(매일)",
93300,"우유,서울우유 멸균우유(서울우유)",
93307,"우유,소와나무 고칼슘우유(동원)",
93312,"우유,소화가잘되는우유(매일유업)",
93313,"우유,소화가잘되는우유저지방(매일유업)",
93325,"우유,신선한하루 하루우유(한국야쿠르트)",
93348,"우유,우유속에모카치노(매일유업)",
93359,"우유,저지방우유(한국야쿠르트)",
93387,"우유,파스퇴르 강원청정 목장프리미엄골드(파스퇴르)",
93390,"우유,파스퇴르우유 저지방(파스퇴르)",
93391,"우유,파스퇴르우유(파스퇴르유업)",
93402,"우유,하루우유 저지방(한국야쿠르트)",
93429,"치즈,덴마크 인포켓치즈 오리지널(동원 데어리푸드)",
93432,"치즈,드빈치 체다슬라이스치즈(남양유업)",
93447,"치즈,상하치즈 유기농어린이치즈(매일유업)",
93453,"치즈,소와나무 슬라이스치즈(동원데어리푸드)",
93460,"치즈,유기농앙팡아기치즈스텝2(서울우유)",
93467,"치즈,짜지않은치즈(동원)",
93478,"코코아,제티 딸기맛(동서식품)",
93481,"크림치즈,필라델피아소프트크림치즈(크래프트(동서식품))",
93490,"호상요구르트,덴마크 요거트 플레인((주)동원F&B)",
93492,"호상요구르트,떠먹는불가리스 딸기맛(남양유업)",
93494,"호상요구르트,떠먹는불가리스 복숭아(남양)",
93499,"호상요구르트,매일 바이오 딸기(매일유업)",
93500,"호상요구르트,매일 바이오 복숭아(매일유업)",
93501,"호상요구르트,매일 바이오 플레인요거트(매일유업)",
93506,"호상요구르트,비요뜨 초코링(서울우유)",
93510,"호상요구르트,소와나무 생크림요거트(㈜동원데어리푸드)",
93516,"호상요구르트,아이러브요거트 딸기(다논)",
93526,"호상요구르트,요플레 닥터캡슐사과(빙그레)",
93529,"호상요구르트,요플레 블루베리(빙그레)",
93533,"호상요구르트,요플레 오리지널 복숭아(빙그레)",
93534,"호상요구르트,요플레 클래식 플레인(빙그레)",
93552,"호상요구르트,짜요짜요 딸기맛(서울우유)",
93553,"호상요구르트,짜요짜요 포도맛(서울우유)",
93577,"호상요구르트,헬리코박터프로젝터윌 저지방(한국야쿠르트)",
93578,"호상요구르트,후디스 그릭요거트플레인(일동후디스(주))",
94009,"마가린,고소한옥수수마아가린((주)오뚜기)",
94026,"카놀라유,비타민E+카놀라유(해표)",
95008,"가당음료,귀여운내친구뽀로로 딸기맛((주)팔도)",
95009,"가당음료,귀여운내친구뽀로로 밀크맛(한국야쿠르트)",
95015,"가당음료,뽀로로스포츠(팔도)",
95017,"가당음료,썬키스트 레몬에이드(해태)",
95027,"가당음료,파워오투 아이스베리((주)농심)",
95029,"가당음료,파워오투 오렌지레몬((주)농심)",
95033,"가당음료분말,립톤아이스티믹스 레몬맛(유니레버)",
95034,"가당음료분말,립톤아이스티믹스 복숭아맛(유니레버코리아)",
95040,"가당음료분말,크리스탈라이트(크리스탈라이트)",
95047,"건강음료,광동 진홍삼골드(광동제약)",
95052,"건강음료,원비디(일양약품)",
95058,"건강음료,컨디션헛개수(씨제이푸드㈜)",
95068,"과일음료,가야 알로에농장(가야농장)",
95069,"과일음료,갈아만든배(해태)",
95073,"과일음료,과일촌 아침에사과(해태음료)",
95080,"과일음료,델몬트 오렌지드링크(롯데칠성음료㈜)",
95083,"과일음료,델몬트 포도드링크(롯데칠성음료㈜)",
95092,"과일음료,미닛메이드 망고플러스(코카콜라음료(주))",
95094,"과일음료,미닛메이드 제주감귤(코카콜라음료(주))",
95097,"과일음료,블루하와이(썬키스트)",
95110,"과일음료,유기농테일러푸룬주스((주)테일러팜스)",
95117,"과일음료,코코몽 사과맛(웅진식품)",
95122,"과일음료,포도봉봉(해태음료)",
95137,"기능성음료,광동 쌍화탕(광동제약)",
95152,"분말차,생강차(담터)",
95153,"분말차,생강차플러스(담터)",
95157,"분말차,허벌라이프 엔알지티(미국 Pharmachem)",
95159,"비가당음료,광동 옥수수수염차(광동제약)",
95162,"탄산음료,나랑드(동아오츠카)",
95177,"식초,청정원 마시는홍초 복분자(㈜대상)",
95180,"식초,청정원 마시는홍초 석류(㈜대상)",
95183,"식혜,잔치집식혜(롯데칠성음료)",
95187,"쌍화차,쌍화차(담터)",
95189,"유산균음료,쥬시쿨 자두맛(빙그레)",
95192,"유산균음료,쿨피스 파인애플맛(㈜동원데어리푸드)",
95196,"율무차,단호박,마차((주)담터)",
95198,"율무차,담터 율무차(담터)",
95199,"율무차,담터 호두아몬드밤율무차(담터)",
95200,"율무차,담터 호두아몬드율무차(담터)",
95224,"차음료,하늘보리(웅진식품)",
95241,"카페인음료,레드불(동서음료)",
95242,"카페인음료,박카스디액(동아제약)",
95246,"카페인음료,핫식스(롯데칠성음료)",
95247,"커피믹스,3in1 TRUNG NGUYEN(TRUNG NGUYEN SINGAPORE PTE LTD)",
95251,"커피믹스,네스까페 수프리모 부드러운블랙(한국네슬레)",
95252,"커피믹스,네스까페 수프리모 커피믹스(네스카페)",
95262,"커피믹스,맥심 부드러운블랙믹스모카골드(동서식품)",
95264,"커피믹스,맥심 부드러운블랙오리지날(동서식품)",
95265,"커피믹스,맥심 아라비카100커피믹스(동서식품)",
95266,"커피믹스,맥심 아이스커피믹스 블랙(동서식품)",
95267,"커피믹스,맥심 아이스커피믹스(동서식품)",
95273,"커피믹스,맥심 화이트골드 커피믹스(동서식품)",
95277,"커피분말,수프리모 인테소아메리카노(한국네슬레)",
95279,"커피믹스,애터미 카페 아라비카(애터미(주))",
95287,"커피믹스,칸타타 스위트아메리카노(롯데칠성음료)",
95295,"커피믹스,프렌치카페 골드라벨(남양유업)",
95298,"커피믹스,프렌치카페 카페믹스아라비카골드라벨(남양유업)",
95300,"커피믹스,프렌치카페 카페믹스클래식(남양유업)",
95301,"커피믹스,프렌치카페 커피믹스 부드러운블랙(남양)",
95304,"커피분말,G7 coffee(베트남산)",
95309,"커피분말,네스카페 마일드모카(한국네슬레)",
95313,"커피분말,맥심 디카페인(동서식품)",
95314,"커피분말,맥심 아라비카100(동서식품)",
95315,"커피분말,맥심 카누 콜롬비아블랜드 다크로스트 아메리카노(동서식품)",
95316,"커피분말,맥심 카누 콜롬비아블랜드 마일드로스트 아메리카노(동서식품)",
95318,"커피분말,애터미 카페 아라비카블랙(애터미(주))",
95319,"커피분말,카페 이과수(브라질 이과수사(에이스코리아))",
95323,"커피분말,테이스터스초이스 오리지날(한국네슬레)",
95324,"커피분말,프렌치카페 루카 다크 아메리카노(남양)",
95335,"커피음료,맥스웰하우스 오리지널(동서식품)",
95337,"커피음료,맥심 티오피 더블랙(동서식품)",
95338,"커피음료,맥심 티오피 마스터라떼(동서)",
95340,"커피음료,맥심 티오피 스위트아메리카노(동서식품)",
95345,"커피음료,바리스타 에스프레소라떼(매일유업)",
95351,"커피음료,산타페 오리지날(팔도)",
95353,"커피음료,스타벅스 더블샷에스프레소&크림(스타벅스)",
95354,"커피음료,스타벅스 프라프치노모카(동서식품)",
95360,"커피음료,조지아 까페라떼(한국코카콜라보틀링)",
95362,"커피음료,조지아 맥스(한국코카콜라보틀링)",
95363,"커피음료,조지아 스위트아메리카노(코카콜라㈜)",
95367,"커피음료,조지아 오리지널(한국코카콜라보틀링)",
95374,"커피음료,칸타타 오리지날원두커피(롯데칠성음료)",
95376,"커피음료,칸타타 프리미엄라떼(롯데칠성음료)",
95378,"커피음료,프렌치카페 카라멜마끼아또(남양유업)",
95385,"코코아,스위스미스 핫코코아믹스 마시멜로(미국 CONAGRA Food inc)",
95392,"콜라,코카콜라 제로(한국코카콜라주식회사)",
95395,"콜라,펩시제로콜라(롯데칠성음료)",
95397,"탄산수,씨그램 라임(코카-콜라음료(주))",
95398,"탄산수,초정탄산수((주)일화초정공장)",
95399,"탄산수,트레비레몬(롯데칠성음료)",
95402,"탄산음료,데미소다 애플(동아오츠카)",
95411,"탄산음료,환타 파인애플맛(한국코카콜라주식회사)",
95412,"탄산음료,환타 포도맛(한국코카콜라주식회사)",
95419,"과일주,매화수(진로)",
95426,"막걸리,국순당 쌀막걸리(국순당)",
95437,"막걸리,부산생막걸리(부산합동양조)",
95438,"막걸리,불로생막걸리(대구탁주합동)",
95443,"막걸리,생탁(부산합동양조)",
95444,"막걸리,서울막걸리(서울탁주)",
95446,"막걸리,서울장수막걸리(서울탁주)",
95447,"막걸리,소성주막걸리(인천탁주)",
95458,"막걸리,장수생막거리(서울장수주식회사)",
95469,"맥주,OB맥주(OB맥주)",
95470,"맥주,기네스(기네스맥주)",
95476,"맥주,삿뽀로 프리미엄 맥주(Sappro viefram Ltd)",
95477,"맥주,아사히맥주(아사히(주))",
95486,"맥주,클라우드맥주(롯데주류(주))",
95489,"맥주,하이트제로(하이트맥주)",
95490,"맥주,호가든(OB맥주)",
95495,"소주,선양소주(㈜선양)",
95497,"소주,시원소주(충북소주)",
95500,"소주,좋은데이(㈜무학소주)",
95502,"소주,진로소주(하이트진로)",
95503,"소주,참이슬 후레쉬(하이트진로)",
95504,"소주,처음처럼 (롯데주류BG)",
95517,"청주,경주법주(경주법주)",
95519,"청주,청하(롯데주류BG)",
96015,"간장,맛간장(한국미연식품연구소(한살림))",
96023,"간장,몽고송표간장프라임(몽고식품)",
96030,"간장,샘표 양조간장501(샘표식품)",
96032,"간장,샘표 진간장금S(샘표식품)",
96088,"건야채스프,신라면 후레이크(농심)",
96096,"고기양념,백설 소갈비양념(씨제이푸드㈜)",
96097,"고기양념,백설 소불고기양념(씨제이푸드㈜)",
96165,"고추장,해찬들 우리쌀로만든태양초골드매운고추장(씨제이푸드㈜)",
96170,"굴소스,백설 남해굴소스(씨제이푸드㈜)",
96175,"굴소스,프리미엄굴소스(오뚜기)",
96185,"된장,백설 다담재래식된장에갖은양념한된장찌개(씨제이푸드㈜)",
96208,"된장,찬마루청양초된장찌개전용(풀무원)",
96227,"마요네즈,오뚜기 고소한골드마요네즈(오뚜기)",
96251,"머스터드소스,하인즈옐로우머스타드(하인즈)",
96254,"비빔장,고추나라맛다시((주)동방푸드마스타)",
96270,"샐러드드레싱,아몬드호두소스(풀무원)",
96286,"샐러드드레싱,프레시안 참깨피넛드레싱((주)동방푸드마스타)",
96340,"소금,백설 허브솔트순한맛(씨제이푸드㈜)",
96411,"소금,청정원 허브맛솔트 순한맛(㈜대상)",
96422,"소금,한주소금(한일식품)",
96442,"스테이크소스,오뚜기 스테이크소스(오뚜기)",
96464,"식초,오뚜기 2배사과식초(오뚜기)",
96467,"식초,오뚜기 3배사과식초(오뚜기)",
96489,"식초,환만식초(롯데삼강)",
96508,"양념간장,국시장국 가쓰오국물(샘표식품)",
96570,"조미료,연두 순(샘표)",
96571,"조미료,연두 진(샘표)",
96618,"카레분말,백세카레 순한맛(오뚜기)",
96621,"카레분말,오뚜기 바몬드카레 순한맛(오뚜기)",
96624,"카레분말,오뚜기 카레 매운맛(오뚜기)",
96625,"카레분말,오뚜기 카레 순한맛(오뚜기)",
96626,"카레분말,오뚜기 카레 약간매운맛((주)오뚜기)",
96629,"카레분말,청정원 우리쌀카레여왕구운마늘&양파(㈜대상)",
96636,"카레소스,오뚜기 3분카레 매운맛(오뚜기)",
96637,"카레소스,오뚜기 3분카레 순한맛(오뚜기)",
96648,"토마토케첩,청정원 우리아이케첩(㈜대상)",
97010,"스파게티소스,오뚜기 프레스코토마토소스(오뚜기)",
98023,"단백질보충제,신타6(BSN)",
98036,"체중조절보조제,뉴트리셔널 쉐이크믹스 바닐라맛(NBTY(허벌라이프))",
98037,"체중조절보조제,뉴트리셔널 쉐이크믹스 초콜렛맛(NBTY(허벌라이프))",